article,views,date,language
Deutschland,477014,2015-07-01,de
Game_of_Thrones,360283,2015-07-01,de
Wikipedia,194898,2015-07-01,de
Vereinigte_Staaten,192909,2015-07-01,de
Schweiz,169767,2015-07-01,de
Berlin,163845,2015-07-01,de
Liste_der_Kfz-Kennzeichen_in_Deutschland,155150,2015-07-01,de
Asperger-Syndrom,145824,2015-07-01,de
Österreich,141450,2015-07-01,de
Angela_Merkel,140587,2015-07-01,de
Adolf_Hitler,133454,2015-07-01,de
Europäische_Union,133047,2015-07-01,de
Frankreich,128401,2015-07-01,de
Zweiter_Weltkrieg,123672,2015-07-01,de
Figuren_aus_dem_Marvel-Universum,120962,2015-07-01,de
Italien,120342,2015-07-01,de
Hamburg,119250,2015-07-01,de
Türkei,117841,2015-07-01,de
Russland,117102,2015-07-01,de
Vagina,103906,2015-07-01,de
Bayern,102851,2015-07-01,de
Europa,102000,2015-07-01,de
Erster_Weltkrieg,95588,2015-07-01,de
Australien,94590,2015-07-01,de
New_York_City,93223,2015-07-01,de
München,91937,2015-07-01,de
Kanada,90751,2015-07-01,de
Polen,89764,2015-07-01,de
Niederlande,89488,2015-07-01,de
Volksrepublik_China,84891,2015-07-01,de
Liste_der_IPA-Zeichen,83798,2015-07-01,de
Wien,83291,2015-07-01,de
Indien,80394,2015-07-01,de
Periodensystem,79758,2015-07-01,de
Verwandtschaftsbeziehung,79402,2015-07-01,de
Japan,75447,2015-07-01,de
Nordrhein-Westfalen,75140,2015-07-01,de
Vereinigtes_Königreich,72425,2015-07-01,de
Napoleon_Bonaparte,67743,2015-07-01,de
Deutschland,1058449,2015-08-01,de
Game_of_Thrones,255621,2015-08-01,de
Vereinigte_Staaten,199399,2015-08-01,de
Liste_der_Kfz-Kennzeichen_in_Deutschland,195163,2015-08-01,de
Schweiz,185426,2015-08-01,de
Berlin,175524,2015-08-01,de
Wikipedia,173097,2015-08-01,de
Österreich,147955,2015-08-01,de
Figuren_aus_dem_Marvel-Universum,145117,2015-08-01,de
Zweiter_Weltkrieg,131726,2015-08-01,de
Asperger-Syndrom,130090,2015-08-01,de
Adolf_Hitler,128595,2015-08-01,de
Hamburg,123396,2015-08-01,de
Frankreich,114468,2015-08-01,de
Russland,111991,2015-08-01,de
Italien,111125,2015-08-01,de
Türkei,107277,2015-08-01,de
Australien,104848,2015-08-01,de
New_York_City,104328,2015-08-01,de
Vagina,101984,2015-08-01,de
Europäische_Union,101921,2015-08-01,de
Verwandtschaftsbeziehung,101719,2015-08-01,de
Erster_Weltkrieg,99751,2015-08-01,de
Bayern,99685,2015-08-01,de
München,97899,2015-08-01,de
Angela_Merkel,95794,2015-08-01,de
Europa,94163,2015-08-01,de
Periodensystem,92199,2015-08-01,de
Niederlande,91779,2015-08-01,de
Polen,91399,2015-08-01,de
Volksrepublik_China,90782,2015-08-01,de
Wien,89365,2015-08-01,de
Kanada,86551,2015-08-01,de
Liste_der_IPA-Zeichen,85369,2015-08-01,de
Indien,81547,2015-08-01,de
Nordrhein-Westfalen,81164,2015-08-01,de
Japan,79903,2015-08-01,de
Vereinigtes_Königreich,74003,2015-08-01,de
Napoleon_Bonaparte,67760,2015-08-01,de
Deutschland,683907,2015-09-01,de
Game_of_Thrones,245366,2015-09-01,de
Vereinigte_Staaten,242816,2015-09-01,de
Angela_Merkel,239018,2015-09-01,de
Schweiz,206641,2015-09-01,de
Österreich,193952,2015-09-01,de
Wikipedia,191295,2015-09-01,de
Europäische_Union,184954,2015-09-01,de
Berlin,180439,2015-09-01,de
Asperger-Syndrom,160143,2015-09-01,de
Australien,157786,2015-09-01,de
Zweiter_Weltkrieg,156289,2015-09-01,de
Liste_der_Kfz-Kennzeichen_in_Deutschland,153059,2015-09-01,de
Adolf_Hitler,150332,2015-09-01,de
Europa,145365,2015-09-01,de
Russland,143677,2015-09-01,de
New_York_City,140183,2015-09-01,de
Frankreich,137995,2015-09-01,de
Türkei,133237,2015-09-01,de
Periodensystem,132928,2015-09-01,de
Figuren_aus_dem_Marvel-Universum,132467,2015-09-01,de
Erster_Weltkrieg,130374,2015-09-01,de
Hamburg,118017,2015-09-01,de
Italien,116633,2015-09-01,de
Indien,111928,2015-09-01,de
München,108333,2015-09-01,de
Polen,107504,2015-09-01,de
Kanada,107166,2015-09-01,de
Bayern,106201,2015-09-01,de
Vereinigtes_Königreich,97223,2015-09-01,de
Vagina,93368,2015-09-01,de
Wien,92094,2015-09-01,de
Niederlande,90477,2015-09-01,de
Volksrepublik_China,88120,2015-09-01,de
Liste_der_IPA-Zeichen,88049,2015-09-01,de
Nordrhein-Westfalen,86247,2015-09-01,de
Verwandtschaftsbeziehung,84568,2015-09-01,de
Japan,83939,2015-09-01,de
Napoleon_Bonaparte,83155,2015-09-01,de
Deutschland,628523,2015-10-01,de
Game_of_Thrones,215958,2015-10-01,de
Vereinigte_Staaten,211603,2015-10-01,de
Schweiz,207105,2015-10-01,de
Adolf_Hitler,199310,2015-10-01,de
Österreich,198438,2015-10-01,de
Wikipedia,197467,2015-10-01,de
Berlin,190297,2015-10-01,de
Angela_Merkel,188625,2015-10-01,de
Asperger-Syndrom,185107,2015-10-01,de
Türkei,153568,2015-10-01,de
Russland,153130,2015-10-01,de
Zweiter_Weltkrieg,148439,2015-10-01,de
Liste_der_Kfz-Kennzeichen_in_Deutschland,145916,2015-10-01,de
Periodensystem,144708,2015-10-01,de
Europäische_Union,133342,2015-10-01,de
Frankreich,126937,2015-10-01,de
Erster_Weltkrieg,126763,2015-10-01,de
New_York_City,125012,2015-10-01,de
Australien,122107,2015-10-01,de
Hamburg,121611,2015-10-01,de
Bayern,118219,2015-10-01,de
Italien,113194,2015-10-01,de
Europa,113059,2015-10-01,de
Kanada,111811,2015-10-01,de
München,108056,2015-10-01,de
Wien,107806,2015-10-01,de
Figuren_aus_dem_Marvel-Universum,107512,2015-10-01,de
Volksrepublik_China,102822,2015-10-01,de
Polen,102731,2015-10-01,de
Indien,102084,2015-10-01,de
Niederlande,98118,2015-10-01,de
Vagina,97017,2015-10-01,de
Liste_der_IPA-Zeichen,94243,2015-10-01,de
Vereinigtes_Königreich,91556,2015-10-01,de
Nordrhein-Westfalen,88941,2015-10-01,de
Verwandtschaftsbeziehung,88159,2015-10-01,de
Napoleon_Bonaparte,84505,2015-10-01,de
Japan,83967,2015-10-01,de
Deutschland,605658,2015-11-01,de
Wikipedia,296673,2015-11-01,de
Vereinigte_Staaten,229223,2015-11-01,de
Adolf_Hitler,227212,2015-11-01,de
Frankreich,225455,2015-11-01,de
Game_of_Thrones,221560,2015-11-01,de
Angela_Merkel,216832,2015-11-01,de
Berlin,206559,2015-11-01,de
Schweiz,190311,2015-11-01,de
Periodensystem,183318,2015-11-01,de
Russland,183044,2015-11-01,de
Österreich,182384,2015-11-01,de
Zweiter_Weltkrieg,179720,2015-11-01,de
Figuren_aus_dem_Marvel-Universum,172054,2015-11-01,de
Türkei,163523,2015-11-01,de
Erster_Weltkrieg,162250,2015-11-01,de
Europäische_Union,149237,2015-11-01,de
New_York_City,132096,2015-11-01,de
Kanada,130301,2015-11-01,de
Hamburg,129365,2015-11-01,de
Europa,126717,2015-11-01,de
Australien,123546,2015-11-01,de
Asperger-Syndrom,120780,2015-11-01,de
Italien,113336,2015-11-01,de
Indien,112677,2015-11-01,de
Volksrepublik_China,108929,2015-11-01,de
Liste_der_Kfz-Kennzeichen_in_Deutschland,105018,2015-11-01,de
Polen,104372,2015-11-01,de
Liste_der_IPA-Zeichen,103283,2015-11-01,de
München,102580,2015-11-01,de
Napoleon_Bonaparte,100955,2015-11-01,de
Bayern,100813,2015-11-01,de
Vagina,99888,2015-11-01,de
Vereinigtes_Königreich,99372,2015-11-01,de
Niederlande,95830,2015-11-01,de
Wien,95391,2015-11-01,de
Verwandtschaftsbeziehung,88907,2015-11-01,de
Nordrhein-Westfalen,88458,2015-11-01,de
Japan,85935,2015-11-01,de
Deutschland,524566,2015-12-01,de
Wikipedia,247703,2015-12-01,de
Game_of_Thrones,240773,2015-12-01,de
Vereinigte_Staaten,228024,2015-12-01,de
Adolf_Hitler,192430,2015-12-01,de
Berlin,191441,2015-12-01,de
Schweiz,178635,2015-12-01,de
Russland,167042,2015-12-01,de
Periodensystem,161987,2015-12-01,de
Österreich,161914,2015-12-01,de
Zweiter_Weltkrieg,156745,2015-12-01,de
Angela_Merkel,152497,2015-12-01,de
Figuren_aus_dem_Marvel-Universum,139940,2015-12-01,de
Erster_Weltkrieg,135393,2015-12-01,de
Frankreich,126772,2015-12-01,de
Asperger-Syndrom,123758,2015-12-01,de
Türkei,120406,2015-12-01,de
New_York_City,120261,2015-12-01,de
Liste_der_Kfz-Kennzeichen_in_Deutschland,120160,2015-12-01,de
Hamburg,115718,2015-12-01,de
Verwandtschaftsbeziehung,115461,2015-12-01,de
Europäische_Union,113896,2015-12-01,de
Australien,112368,2015-12-01,de
Kanada,110422,2015-12-01,de
Indien,106152,2015-12-01,de
Vagina,105967,2015-12-01,de
Polen,105230,2015-12-01,de
Volksrepublik_China,100421,2015-12-01,de
München,99250,2015-12-01,de
Europa,98419,2015-12-01,de
Italien,97996,2015-12-01,de
Liste_der_IPA-Zeichen,95877,2015-12-01,de
Vereinigtes_Königreich,94765,2015-12-01,de
Bayern,92128,2015-12-01,de
Wien,89518,2015-12-01,de
Napoleon_Bonaparte,89055,2015-12-01,de
Japan,88750,2015-12-01,de
Niederlande,85853,2015-12-01,de
Nordrhein-Westfalen,78304,2015-12-01,de
Deutschland,694969,2016-01-01,de
Wikipedia,300250,2016-01-01,de
Game_of_Thrones,281498,2016-01-01,de
Vereinigte_Staaten,278263,2016-01-01,de
Österreich,226642,2016-01-01,de
Periodensystem,222094,2016-01-01,de
Berlin,218134,2016-01-01,de
Adolf_Hitler,216249,2016-01-01,de
Schweiz,215979,2016-01-01,de
Zweiter_Weltkrieg,193683,2016-01-01,de
Angela_Merkel,192937,2016-01-01,de
Russland,173878,2016-01-01,de
Erster_Weltkrieg,168515,2016-01-01,de
Asperger-Syndrom,156355,2016-01-01,de
Kanada,148475,2016-01-01,de
Australien,147924,2016-01-01,de
Frankreich,144411,2016-01-01,de
New_York_City,143542,2016-01-01,de
Europäische_Union,142384,2016-01-01,de
Figuren_aus_dem_Marvel-Universum,135996,2016-01-01,de
Türkei,134154,2016-01-01,de
Polen,131719,2016-01-01,de
Indien,127597,2016-01-01,de
Hamburg,126479,2016-01-01,de
Liste_der_Kfz-Kennzeichen_in_Deutschland,125077,2016-01-01,de
Italien,123274,2016-01-01,de
Bayern,117375,2016-01-01,de
Europa,116709,2016-01-01,de
Vagina,115279,2016-01-01,de
Liste_der_IPA-Zeichen,114972,2016-01-01,de
Volksrepublik_China,113355,2016-01-01,de
München,111826,2016-01-01,de
Vereinigtes_Königreich,107996,2016-01-01,de
Niederlande,107659,2016-01-01,de
Verwandtschaftsbeziehung,107347,2016-01-01,de
Wien,104486,2016-01-01,de
Nordrhein-Westfalen,103454,2016-01-01,de
Japan,102943,2016-01-01,de
Napoleon_Bonaparte,99665,2016-01-01,de
Deutschland,682112,2016-02-01,de
Game_of_Thrones,611068,2016-02-01,de
Wikipedia,251424,2016-02-01,de
Vereinigte_Staaten,247959,2016-02-01,de
Berlin,198610,2016-02-01,de
Schweiz,195626,2016-02-01,de
Österreich,188621,2016-02-01,de
Adolf_Hitler,179553,2016-02-01,de
Asperger-Syndrom,170550,2016-02-01,de
Periodensystem,170140,2016-02-01,de
Angela_Merkel,167877,2016-02-01,de
Zweiter_Weltkrieg,164390,2016-02-01,de
Erster_Weltkrieg,163449,2016-02-01,de
Figuren_aus_dem_Marvel-Universum,163195,2016-02-01,de
Russland,162971,2016-02-01,de
Europäische_Union,149705,2016-02-01,de
Europa,129710,2016-02-01,de
Frankreich,129115,2016-02-01,de
Australien,127464,2016-02-01,de
Türkei,124193,2016-02-01,de
Kanada,120207,2016-02-01,de
Hamburg,119351,2016-02-01,de
New_York_City,119337,2016-02-01,de
Bayern,117960,2016-02-01,de
Italien,113630,2016-02-01,de
Liste_der_Kfz-Kennzeichen_in_Deutschland,109673,2016-02-01,de
Indien,109574,2016-02-01,de
Vereinigtes_Königreich,104193,2016-02-01,de
Polen,103186,2016-02-01,de
München,102768,2016-02-01,de
Volksrepublik_China,102293,2016-02-01,de
Liste_der_IPA-Zeichen,101988,2016-02-01,de
Vagina,100990,2016-02-01,de
Nordrhein-Westfalen,97106,2016-02-01,de
Wien,96818,2016-02-01,de
Verwandtschaftsbeziehung,94115,2016-02-01,de
Japan,91859,2016-02-01,de
Niederlande,91704,2016-02-01,de
Napoleon_Bonaparte,80723,2016-02-01,de
Deutschland,613558,2016-03-01,de
Game_of_Thrones,283735,2016-03-01,de
Vereinigte_Staaten,247145,2016-03-01,de
Wikipedia,227104,2016-03-01,de
Berlin,211302,2016-03-01,de
Adolf_Hitler,197350,2016-03-01,de
Schweiz,194027,2016-03-01,de
Österreich,179811,2016-03-01,de
Angela_Merkel,172257,2016-03-01,de
Zweiter_Weltkrieg,170904,2016-03-01,de
Asperger-Syndrom,168793,2016-03-01,de
Figuren_aus_dem_Marvel-Universum,157766,2016-03-01,de
Russland,145120,2016-03-01,de
Türkei,142326,2016-03-01,de
Europäische_Union,140640,2016-03-01,de
Europa,137946,2016-03-01,de
Erster_Weltkrieg,137040,2016-03-01,de
Hamburg,132547,2016-03-01,de
Liste_der_Kfz-Kennzeichen_in_Deutschland,130248,2016-03-01,de
Frankreich,129700,2016-03-01,de
New_York_City,123066,2016-03-01,de
Australien,122522,2016-03-01,de
Bayern,120727,2016-03-01,de
Italien,119685,2016-03-01,de
Periodensystem,119349,2016-03-01,de
Kanada,119201,2016-03-01,de
München,108960,2016-03-01,de
Indien,106329,2016-03-01,de
Nordrhein-Westfalen,104886,2016-03-01,de
Wien,103624,2016-03-01,de
Niederlande,103460,2016-03-01,de
Volksrepublik_China,102369,2016-03-01,de
Vereinigtes_Königreich,100420,2016-03-01,de
Verwandtschaftsbeziehung,100095,2016-03-01,de
Liste_der_IPA-Zeichen,98765,2016-03-01,de
Vagina,96662,2016-03-01,de
Polen,95933,2016-03-01,de
Japan,91037,2016-03-01,de
Napoleon_Bonaparte,86941,2016-03-01,de
Deutschland,528850,2016-04-01,de
Game_of_Thrones,457790,2016-04-01,de
Adolf_Hitler,324741,2016-04-01,de
Wikipedia,244932,2016-04-01,de
Figuren_aus_dem_Marvel-Universum,229273,2016-04-01,de
Vereinigte_Staaten,221040,2016-04-01,de
Berlin,198028,2016-04-01,de
Österreich,180064,2016-04-01,de
Schweiz,171418,2016-04-01,de
Zweiter_Weltkrieg,158358,2016-04-01,de
Liste_der_Kfz-Kennzeichen_in_Deutschland,141937,2016-04-01,de
Russland,141339,2016-04-01,de
Angela_Merkel,136964,2016-04-01,de
Periodensystem,134772,2016-04-01,de
Asperger-Syndrom,132854,2016-04-01,de
Europäische_Union,131402,2016-04-01,de
Türkei,127822,2016-04-01,de
Erster_Weltkrieg,127607,2016-04-01,de
Frankreich,123897,2016-04-01,de
Italien,122515,2016-04-01,de
Hamburg,122168,2016-04-01,de
Europa,118804,2016-04-01,de
Kanada,118547,2016-04-01,de
Australien,116590,2016-04-01,de
New_York_City,112655,2016-04-01,de
München,110355,2016-04-01,de
Indien,108606,2016-04-01,de
Liste_der_IPA-Zeichen,104016,2016-04-01,de
Bayern,103094,2016-04-01,de
Vereinigtes_Königreich,101488,2016-04-01,de
Volksrepublik_China,101172,2016-04-01,de
Wien,100522,2016-04-01,de
Verwandtschaftsbeziehung,98444,2016-04-01,de
Niederlande,96752,2016-04-01,de
Vagina,92545,2016-04-01,de
Polen,92173,2016-04-01,de
Japan,91798,2016-04-01,de
Nordrhein-Westfalen,90001,2016-04-01,de
Napoleon_Bonaparte,89633,2016-04-01,de
Game_of_Thrones,562893,2016-05-01,de
Deutschland,539079,2016-05-01,de
Figuren_aus_dem_Marvel-Universum,307199,2016-05-01,de
Österreich,247487,2016-05-01,de
Wikipedia,229025,2016-05-01,de
Vereinigte_Staaten,216043,2016-05-01,de
Adolf_Hitler,208340,2016-05-01,de
Berlin,206241,2016-05-01,de
Schweiz,201556,2016-05-01,de
Liste_der_Kfz-Kennzeichen_in_Deutschland,166973,2016-05-01,de
Zweiter_Weltkrieg,166817,2016-05-01,de
Erster_Weltkrieg,164151,2016-05-01,de
Periodensystem,153451,2016-05-01,de
Russland,149324,2016-05-01,de
Europa,137430,2016-05-01,de
Frankreich,136729,2016-05-01,de
Italien,136493,2016-05-01,de
Europäische_Union,130514,2016-05-01,de
Hamburg,129941,2016-05-01,de
Australien,129720,2016-05-01,de
Asperger-Syndrom,124469,2016-05-01,de
Türkei,123613,2016-05-01,de
Kanada,122721,2016-05-01,de
Angela_Merkel,113384,2016-05-01,de
München,113318,2016-05-01,de
New_York_City,110783,2016-05-01,de
Wien,110378,2016-05-01,de
Bayern,107773,2016-05-01,de
Liste_der_IPA-Zeichen,103927,2016-05-01,de
Vereinigtes_Königreich,102519,2016-05-01,de
Volksrepublik_China,102175,2016-05-01,de
Indien,100401,2016-05-01,de
Polen,99187,2016-05-01,de
Verwandtschaftsbeziehung,97633,2016-05-01,de
Niederlande,96357,2016-05-01,de
Nordrhein-Westfalen,95547,2016-05-01,de
Vagina,94469,2016-05-01,de
Napoleon_Bonaparte,89821,2016-05-01,de
Japan,83861,2016-05-01,de
Deutschland,688604,2016-06-01,de
Vereinigtes_Königreich,615201,2016-06-01,de
Game_of_Thrones,557571,2016-06-01,de
Wikipedia,394502,2016-06-01,de
Europäische_Union,388199,2016-06-01,de
Schweiz,262132,2016-06-01,de
Frankreich,236675,2016-06-01,de
Russland,220784,2016-06-01,de
Vereinigte_Staaten,214972,2016-06-01,de
Österreich,213008,2016-06-01,de
Europa,210560,2016-06-01,de
Berlin,196350,2016-06-01,de
Türkei,180285,2016-06-01,de
Italien,177413,2016-06-01,de
Polen,174482,2016-06-01,de
Figuren_aus_dem_Marvel-Universum,173148,2016-06-01,de
Adolf_Hitler,155554,2016-06-01,de
Zweiter_Weltkrieg,151874,2016-06-01,de
Erster_Weltkrieg,150361,2016-06-01,de
Asperger-Syndrom,145748,2016-06-01,de
Liste_der_Kfz-Kennzeichen_in_Deutschland,138461,2016-06-01,de
Periodensystem,133555,2016-06-01,de
Australien,122527,2016-06-01,de
Hamburg,114447,2016-06-01,de
Kanada,113824,2016-06-01,de
Liste_der_IPA-Zeichen,113745,2016-06-01,de
Niederlande,113374,2016-06-01,de
Angela_Merkel,112380,2016-06-01,de
Bayern,110320,2016-06-01,de
New_York_City,102020,2016-06-01,de
Indien,100137,2016-06-01,de
München,99069,2016-06-01,de
Volksrepublik_China,96876,2016-06-01,de
Vagina,93323,2016-06-01,de
Verwandtschaftsbeziehung,92666,2016-06-01,de
Napoleon_Bonaparte,90898,2016-06-01,de
Wien,90644,2016-06-01,de
Nordrhein-Westfalen,85375,2016-06-01,de
Japan,81673,2016-06-01,de
Deutschland,615886,2016-07-01,de
Game_of_Thrones,386418,2016-07-01,de
Türkei,301312,2016-07-01,de
Wikipedia,293725,2016-07-01,de
Frankreich,198938,2016-07-01,de
Vereinigtes_Königreich,192121,2016-07-01,de
Vereinigte_Staaten,186332,2016-07-01,de
Schweiz,179754,2016-07-01,de
Berlin,176080,2016-07-01,de
Liste_der_Kfz-Kennzeichen_in_Deutschland,173525,2016-07-01,de
Österreich,166345,2016-07-01,de
Italien,140811,2016-07-01,de
München,131190,2016-07-01,de
Russland,128968,2016-07-01,de
Europäische_Union,124231,2016-07-01,de
Figuren_aus_dem_Marvel-Universum,123339,2016-07-01,de
Adolf_Hitler,123242,2016-07-01,de
Europa,121685,2016-07-01,de
Angela_Merkel,120122,2016-07-01,de
Hamburg,111835,2016-07-01,de
Zweiter_Weltkrieg,105626,2016-07-01,de
Liste_der_IPA-Zeichen,103352,2016-07-01,de
Niederlande,102580,2016-07-01,de
Bayern,102540,2016-07-01,de
Verwandtschaftsbeziehung,101772,2016-07-01,de
Asperger-Syndrom,100170,2016-07-01,de
Erster_Weltkrieg,98984,2016-07-01,de
Periodensystem,96127,2016-07-01,de
Kanada,95068,2016-07-01,de
Polen,92209,2016-07-01,de
Vagina,91807,2016-07-01,de
Australien,89309,2016-07-01,de
New_York_City,83852,2016-07-01,de
Wien,82311,2016-07-01,de
Nordrhein-Westfalen,81604,2016-07-01,de
Volksrepublik_China,75949,2016-07-01,de
Indien,75061,2016-07-01,de
Napoleon_Bonaparte,74318,2016-07-01,de
Japan,69579,2016-07-01,de
Deutschland,586524,2016-08-01,de
Wikipedia,278424,2016-08-01,de
Game_of_Thrones,244385,2016-08-01,de
Türkei,232349,2016-08-01,de
Liste_der_Kfz-Kennzeichen_in_Deutschland,209648,2016-08-01,de
Vereinigte_Staaten,204397,2016-08-01,de
Schweiz,184509,2016-08-01,de
Berlin,171894,2016-08-01,de
Asperger-Syndrom,160343,2016-08-01,de
Österreich,159722,2016-08-01,de
Italien,140678,2016-08-01,de
Russland,130532,2016-08-01,de
Europa,124198,2016-08-01,de
Australien,121418,2016-08-01,de
Adolf_Hitler,120320,2016-08-01,de
Hamburg,118509,2016-08-01,de
Zweiter_Weltkrieg,114847,2016-08-01,de
Frankreich,110553,2016-08-01,de
Nordrhein-Westfalen,109077,2016-08-01,de
Angela_Merkel,108314,2016-08-01,de
Erster_Weltkrieg,107364,2016-08-01,de
Verwandtschaftsbeziehung,106025,2016-08-01,de
Niederlande,102238,2016-08-01,de
Vereinigtes_Königreich,101403,2016-08-01,de
New_York_City,101101,2016-08-01,de
Kanada,98176,2016-08-01,de
München,97666,2016-08-01,de
Bayern,97314,2016-08-01,de
Liste_der_IPA-Zeichen,94394,2016-08-01,de
Periodensystem,94277,2016-08-01,de
Figuren_aus_dem_Marvel-Universum,92980,2016-08-01,de
Vagina,92274,2016-08-01,de
Wien,91808,2016-08-01,de
Volksrepublik_China,89851,2016-08-01,de
Europäische_Union,86410,2016-08-01,de
Polen,79686,2016-08-01,de
Indien,78843,2016-08-01,de
Japan,76870,2016-08-01,de
Napoleon_Bonaparte,68253,2016-08-01,de
Deutschland,485663,2016-09-01,de
Wikipedia,321030,2016-09-01,de
Game_of_Thrones,219795,2016-09-01,de
Vereinigte_Staaten,209676,2016-09-01,de
Berlin,195500,2016-09-01,de
Schweiz,179454,2016-09-01,de
Österreich,177941,2016-09-01,de
Liste_der_Kfz-Kennzeichen_in_Deutschland,165130,2016-09-01,de
Asperger-Syndrom,153231,2016-09-01,de
Periodensystem,149659,2016-09-01,de
Angela_Merkel,146376,2016-09-01,de
Australien,137602,2016-09-01,de
Erster_Weltkrieg,137153,2016-09-01,de
New_York_City,137137,2016-09-01,de
Europa,136847,2016-09-01,de
Zweiter_Weltkrieg,135680,2016-09-01,de
Russland,127506,2016-09-01,de
Figuren_aus_dem_Marvel-Universum,123668,2016-09-01,de
Hamburg,122719,2016-09-01,de
Adolf_Hitler,122421,2016-09-01,de
Italien,121188,2016-09-01,de
Frankreich,114915,2016-09-01,de
Kanada,112329,2016-09-01,de
Europäische_Union,109167,2016-09-01,de
Bayern,104248,2016-09-01,de
München,100388,2016-09-01,de
Wien,97697,2016-09-01,de
Liste_der_IPA-Zeichen,93934,2016-09-01,de
Nordrhein-Westfalen,93589,2016-09-01,de
Verwandtschaftsbeziehung,93453,2016-09-01,de
Niederlande,92085,2016-09-01,de
Türkei,90886,2016-09-01,de
Vereinigtes_Königreich,87972,2016-09-01,de
Volksrepublik_China,86944,2016-09-01,de
Indien,85104,2016-09-01,de
Vagina,84905,2016-09-01,de
Napoleon_Bonaparte,79978,2016-09-01,de
Polen,79703,2016-09-01,de
Japan,67701,2016-09-01,de
Deutschland,514304,2016-10-01,de
Wikipedia,369683,2016-10-01,de
Periodensystem,226233,2016-10-01,de
Vereinigte_Staaten,222505,2016-10-01,de
Game_of_Thrones,213367,2016-10-01,de
Figuren_aus_dem_Marvel-Universum,204139,2016-10-01,de
Erster_Weltkrieg,184912,2016-10-01,de
Berlin,183220,2016-10-01,de
Schweiz,181580,2016-10-01,de
Österreich,176313,2016-10-01,de
Adolf_Hitler,163588,2016-10-01,de
Zweiter_Weltkrieg,149318,2016-10-01,de
Russland,147834,2016-10-01,de
Asperger-Syndrom,145603,2016-10-01,de
Liste_der_Kfz-Kennzeichen_in_Deutschland,143699,2016-10-01,de
Europa,140336,2016-10-01,de
Kanada,132936,2016-10-01,de
Hamburg,127349,2016-10-01,de
New_York_City,122586,2016-10-01,de
Bayern,121340,2016-10-01,de
Italien,114812,2016-10-01,de
Angela_Merkel,114608,2016-10-01,de
Australien,113985,2016-10-01,de
Frankreich,113228,2016-10-01,de
Europäische_Union,109690,2016-10-01,de
Liste_der_IPA-Zeichen,106365,2016-10-01,de
München,102519,2016-10-01,de
Wien,102211,2016-10-01,de
Verwandtschaftsbeziehung,99568,2016-10-01,de
Nordrhein-Westfalen,98790,2016-10-01,de
Vereinigtes_Königreich,97193,2016-10-01,de
Niederlande,96364,2016-10-01,de
Türkei,93192,2016-10-01,de
Indien,92227,2016-10-01,de
Volksrepublik_China,89154,2016-10-01,de
Vagina,87387,2016-10-01,de
Napoleon_Bonaparte,87282,2016-10-01,de
Polen,86465,2016-10-01,de
Japan,73550,2016-10-01,de
Deutschland,559691,2016-11-01,de
Vereinigte_Staaten,429650,2016-11-01,de
Game_of_Thrones,395976,2016-11-01,de
Wikipedia,391828,2016-11-01,de
Angela_Merkel,310705,2016-11-01,de
Periodensystem,203618,2016-11-01,de
Erster_Weltkrieg,201200,2016-11-01,de
Berlin,198893,2016-11-01,de
Schweiz,185539,2016-11-01,de
Österreich,183211,2016-11-01,de
Adolf_Hitler,182511,2016-11-01,de
Zweiter_Weltkrieg,170380,2016-11-01,de
Russland,166095,2016-11-01,de
Italien,164843,2016-11-01,de
Figuren_aus_dem_Marvel-Universum,164701,2016-11-01,de
Kanada,150325,2016-11-01,de
Europa,149944,2016-11-01,de
New_York_City,143618,2016-11-01,de
Europäische_Union,133028,2016-11-01,de
Asperger-Syndrom,128688,2016-11-01,de
Türkei,128572,2016-11-01,de
Hamburg,127654,2016-11-01,de
Australien,125189,2016-11-01,de
Frankreich,121206,2016-11-01,de
Liste_der_IPA-Zeichen,119714,2016-11-01,de
Liste_der_Kfz-Kennzeichen_in_Deutschland,111523,2016-11-01,de
Indien,110636,2016-11-01,de
Bayern,109844,2016-11-01,de
München,106423,2016-11-01,de
Volksrepublik_China,105089,2016-11-01,de
Vereinigtes_Königreich,102718,2016-11-01,de
Verwandtschaftsbeziehung,100200,2016-11-01,de
Wien,99204,2016-11-01,de
Polen,95226,2016-11-01,de
Napoleon_Bonaparte,94890,2016-11-01,de
Nordrhein-Westfalen,93122,2016-11-01,de
Vagina,88794,2016-11-01,de
Niederlande,84128,2016-11-01,de
Japan,80784,2016-11-01,de
Deutschland,596955,2016-12-01,de
Game_of_Thrones,323297,2016-12-01,de
Wikipedia,282791,2016-12-01,de
Vereinigte_Staaten,238561,2016-12-01,de
Europäische_Union,233471,2016-12-01,de
Berlin,199156,2016-12-01,de
Angela_Merkel,196459,2016-12-01,de
Österreich,192488,2016-12-01,de
Erster_Weltkrieg,176544,2016-12-01,de
Russland,173322,2016-12-01,de
Schweiz,172647,2016-12-01,de
Zweiter_Weltkrieg,165129,2016-12-01,de
Adolf_Hitler,164293,2016-12-01,de
Periodensystem,163711,2016-12-01,de
Figuren_aus_dem_Marvel-Universum,144453,2016-12-01,de
Europa,139864,2016-12-01,de
Asperger-Syndrom,134426,2016-12-01,de
Italien,125539,2016-12-01,de
Australien,124553,2016-12-01,de
Verwandtschaftsbeziehung,121455,2016-12-01,de
Hamburg,121364,2016-12-01,de
Wien,114128,2016-12-01,de
Indien,112918,2016-12-01,de
Türkei,110776,2016-12-01,de
New_York_City,108956,2016-12-01,de
Volksrepublik_China,107872,2016-12-01,de
Frankreich,106933,2016-12-01,de
Kanada,103531,2016-12-01,de
Liste_der_IPA-Zeichen,103164,2016-12-01,de
Liste_der_Kfz-Kennzeichen_in_Deutschland,101978,2016-12-01,de
München,101752,2016-12-01,de
Bayern,99626,2016-12-01,de
Vereinigtes_Königreich,96196,2016-12-01,de
Napoleon_Bonaparte,93597,2016-12-01,de
Vagina,89354,2016-12-01,de
Niederlande,86094,2016-12-01,de
Polen,85648,2016-12-01,de
Nordrhein-Westfalen,83587,2016-12-01,de
Japan,82269,2016-12-01,de
Italien,1184766,2017-01-01,de
Deutschland,644361,2017-01-01,de
Game_of_Thrones,388486,2017-01-01,de
Vereinigte_Staaten,335182,2017-01-01,de
Wikipedia,288046,2017-01-01,de
Russland,277321,2017-01-01,de
Australien,267885,2017-01-01,de
Adolf_Hitler,232657,2017-01-01,de
Asperger-Syndrom,230726,2017-01-01,de
Österreich,204808,2017-01-01,de
Berlin,201625,2017-01-01,de
Schweiz,200944,2017-01-01,de
Erster_Weltkrieg,197525,2017-01-01,de
Zweiter_Weltkrieg,193706,2017-01-01,de
Angela_Merkel,185295,2017-01-01,de
Periodensystem,178606,2017-01-01,de
Europa,175683,2017-01-01,de
Kanada,173785,2017-01-01,de
Europäische_Union,147081,2017-01-01,de
Hamburg,146048,2017-01-01,de
Indien,136762,2017-01-01,de
Frankreich,136679,2017-01-01,de
Figuren_aus_dem_Marvel-Universum,135387,2017-01-01,de
New_York_City,131311,2017-01-01,de
Liste_der_Kfz-Kennzeichen_in_Deutschland,129141,2017-01-01,de
Volksrepublik_China,127078,2017-01-01,de
Liste_der_IPA-Zeichen,125495,2017-01-01,de
Türkei,119783,2017-01-01,de
Vereinigtes_Königreich,119479,2017-01-01,de
Bayern,117833,2017-01-01,de
Verwandtschaftsbeziehung,113088,2017-01-01,de
Wien,110700,2017-01-01,de
München,109993,2017-01-01,de
Nordrhein-Westfalen,104983,2017-01-01,de
Napoleon_Bonaparte,104352,2017-01-01,de
Polen,102612,2017-01-01,de
Vagina,99833,2017-01-01,de
Niederlande,98720,2017-01-01,de
Japan,96600,2017-01-01,de
Deutschland,499892,2017-02-01,de
Game_of_Thrones,300948,2017-02-01,de
Wikipedia,254304,2017-02-01,de
Vereinigte_Staaten,236577,2017-02-01,de
Angela_Merkel,192898,2017-02-01,de
Österreich,176455,2017-02-01,de
Berlin,174890,2017-02-01,de
Schweiz,169235,2017-02-01,de
Adolf_Hitler,164167,2017-02-01,de
Zweiter_Weltkrieg,155393,2017-02-01,de
Erster_Weltkrieg,144582,2017-02-01,de
Russland,144206,2017-02-01,de
Italien,137910,2017-02-01,de
Kanada,133134,2017-02-01,de
Europäische_Union,130272,2017-02-01,de
Asperger-Syndrom,128192,2017-02-01,de
Europa,126460,2017-02-01,de
Hamburg,120915,2017-02-01,de
Australien,118615,2017-02-01,de
Frankreich,117004,2017-02-01,de
Periodensystem,112467,2017-02-01,de
Figuren_aus_dem_Marvel-Universum,109540,2017-02-01,de
Liste_der_Kfz-Kennzeichen_in_Deutschland,109253,2017-02-01,de
Liste_der_IPA-Zeichen,108262,2017-02-01,de
Indien,106399,2017-02-01,de
Bayern,103387,2017-02-01,de
New_York_City,101078,2017-02-01,de
München,98886,2017-02-01,de
Nordrhein-Westfalen,98533,2017-02-01,de
Vereinigtes_Königreich,98345,2017-02-01,de
Türkei,97335,2017-02-01,de
Volksrepublik_China,95894,2017-02-01,de
Wien,95772,2017-02-01,de
Niederlande,92864,2017-02-01,de
Vagina,88778,2017-02-01,de
Verwandtschaftsbeziehung,86616,2017-02-01,de
Polen,85371,2017-02-01,de
Japan,84497,2017-02-01,de
Napoleon_Bonaparte,81268,2017-02-01,de
Deutschland,552122,2017-03-01,de
Game_of_Thrones,294623,2017-03-01,de
Wikipedia,274121,2017-03-01,de
Vereinigte_Staaten,220646,2017-03-01,de
Türkei,213359,2017-03-01,de
Berlin,209106,2017-03-01,de
Niederlande,205587,2017-03-01,de
Figuren_aus_dem_Marvel-Universum,188575,2017-03-01,de
Angela_Merkel,185651,2017-03-01,de
Österreich,185579,2017-03-01,de
Adolf_Hitler,183939,2017-03-01,de
Schweiz,179781,2017-03-01,de
Zweiter_Weltkrieg,172119,2017-03-01,de
Europäische_Union,167628,2017-03-01,de
Asperger-Syndrom,160582,2017-03-01,de
Erster_Weltkrieg,155904,2017-03-01,de
Russland,152708,2017-03-01,de
Europa,151506,2017-03-01,de
Frankreich,135720,2017-03-01,de
Hamburg,135023,2017-03-01,de
Vereinigtes_Königreich,128318,2017-03-01,de
Italien,119638,2017-03-01,de
Australien,119206,2017-03-01,de
Bayern,114433,2017-03-01,de
Liste_der_IPA-Zeichen,114188,2017-03-01,de
Liste_der_Kfz-Kennzeichen_in_Deutschland,113926,2017-03-01,de
Kanada,113697,2017-03-01,de
München,110825,2017-03-01,de
New_York_City,110663,2017-03-01,de
Nordrhein-Westfalen,109731,2017-03-01,de
Periodensystem,109433,2017-03-01,de
Indien,107765,2017-03-01,de
Volksrepublik_China,106202,2017-03-01,de
Wien,104104,2017-03-01,de
Polen,96699,2017-03-01,de
Japan,94524,2017-03-01,de
Verwandtschaftsbeziehung,89094,2017-03-01,de
Napoleon_Bonaparte,88870,2017-03-01,de
Vagina,85484,2017-03-01,de
Deutschland,461236,2017-04-01,de
Adolf_Hitler,240358,2017-04-01,de
Game_of_Thrones,233099,2017-04-01,de
Wikipedia,193491,2017-04-01,de
Vereinigte_Staaten,190716,2017-04-01,de
Berlin,187642,2017-04-01,de
Türkei,177666,2017-04-01,de
Schweiz,160731,2017-04-01,de
Österreich,153558,2017-04-01,de
Figuren_aus_dem_Marvel-Universum,150434,2017-04-01,de
Frankreich,141980,2017-04-01,de
Zweiter_Weltkrieg,141425,2017-04-01,de
Asperger-Syndrom,139336,2017-04-01,de
Erster_Weltkrieg,136132,2017-04-01,de
Russland,135875,2017-04-01,de
Europa,134538,2017-04-01,de
Liste_der_Kfz-Kennzeichen_in_Deutschland,130013,2017-04-01,de
Hamburg,127661,2017-04-01,de
Angela_Merkel,123047,2017-04-01,de
Europäische_Union,117217,2017-04-01,de
Italien,105900,2017-04-01,de
Liste_der_IPA-Zeichen,105660,2017-04-01,de
München,104699,2017-04-01,de
Wien,101050,2017-04-01,de
Bayern,100213,2017-04-01,de
Volksrepublik_China,99767,2017-04-01,de
Napoleon_Bonaparte,99340,2017-04-01,de
Nordrhein-Westfalen,98769,2017-04-01,de
Vereinigtes_Königreich,96689,2017-04-01,de
Niederlande,96112,2017-04-01,de
Verwandtschaftsbeziehung,96025,2017-04-01,de
Australien,93433,2017-04-01,de
New_York_City,93364,2017-04-01,de
Kanada,91470,2017-04-01,de
Vagina,85901,2017-04-01,de
Indien,85750,2017-04-01,de
Periodensystem,81943,2017-04-01,de
Japan,81753,2017-04-01,de
Polen,77253,2017-04-01,de
Deutschland,507129,2017-05-01,de
Wikipedia,224641,2017-05-01,de
Berlin,214231,2017-05-01,de
Vereinigte_Staaten,197632,2017-05-01,de
Game_of_Thrones,189174,2017-05-01,de
Österreich,179056,2017-05-01,de
Schweiz,177605,2017-05-01,de
Frankreich,176112,2017-05-01,de
Nordrhein-Westfalen,171324,2017-05-01,de
Zweiter_Weltkrieg,170911,2017-05-01,de
Angela_Merkel,169919,2017-05-01,de
Hamburg,151483,2017-05-01,de
Adolf_Hitler,149872,2017-05-01,de
Europa,147187,2017-05-01,de
Europäische_Union,143902,2017-05-01,de
Figuren_aus_dem_Marvel-Universum,143476,2017-05-01,de
Russland,140699,2017-05-01,de
Erster_Weltkrieg,139671,2017-05-01,de
Italien,128696,2017-05-01,de
Kanada,125413,2017-05-01,de
Liste_der_Kfz-Kennzeichen_in_Deutschland,124740,2017-05-01,de
Napoleon_Bonaparte,123416,2017-05-01,de
Asperger-Syndrom,120385,2017-05-01,de
München,115718,2017-05-01,de
Australien,114270,2017-05-01,de
Liste_der_IPA-Zeichen,112663,2017-05-01,de
Wien,109306,2017-05-01,de
Türkei,108804,2017-05-01,de
Vereinigtes_Königreich,106426,2017-05-01,de
Bayern,106262,2017-05-01,de
New_York_City,104489,2017-05-01,de
Indien,103226,2017-05-01,de
Periodensystem,102498,2017-05-01,de
Volksrepublik_China,97617,2017-05-01,de
Niederlande,94664,2017-05-01,de
Verwandtschaftsbeziehung,92086,2017-05-01,de
Polen,90979,2017-05-01,de
Japan,85822,2017-05-01,de
Vagina,85762,2017-05-01,de
Deutschland,495177,2017-06-01,de
Game_of_Thrones,224026,2017-06-01,de
Berlin,194447,2017-06-01,de
Wikipedia,193924,2017-06-01,de
Vereinigte_Staaten,179287,2017-06-01,de
Angela_Merkel,171648,2017-06-01,de
Schweiz,160909,2017-06-01,de
Österreich,151362,2017-06-01,de
Liste_der_Kfz-Kennzeichen_in_Deutschland,145634,2017-06-01,de
Italien,137648,2017-06-01,de
Russland,136369,2017-06-01,de
Hamburg,131779,2017-06-01,de
Zweiter_Weltkrieg,126772,2017-06-01,de
Adolf_Hitler,126564,2017-06-01,de
Europa,125301,2017-06-01,de
Frankreich,122302,2017-06-01,de
Erster_Weltkrieg,120951,2017-06-01,de
Europäische_Union,116850,2017-06-01,de
Asperger-Syndrom,109365,2017-06-01,de
Vereinigtes_Königreich,105798,2017-06-01,de
München,104314,2017-06-01,de
Liste_der_IPA-Zeichen,103544,2017-06-01,de
Kanada,99341,2017-06-01,de
Wien,98849,2017-06-01,de
Australien,94449,2017-06-01,de
Niederlande,93069,2017-06-01,de
Bayern,92059,2017-06-01,de
Türkei,90632,2017-06-01,de
Nordrhein-Westfalen,90406,2017-06-01,de
Indien,89992,2017-06-01,de
Figuren_aus_dem_Marvel-Universum,89827,2017-06-01,de
Verwandtschaftsbeziehung,89271,2017-06-01,de
Volksrepublik_China,89079,2017-06-01,de
New_York_City,88892,2017-06-01,de
Periodensystem,82861,2017-06-01,de
Polen,82314,2017-06-01,de
Napoleon_Bonaparte,80702,2017-06-01,de
Vagina,79971,2017-06-01,de
Japan,70822,2017-06-01,de
Game_of_Thrones,555607,2017-07-01,de
Deutschland,431932,2017-07-01,de
Angela_Merkel,205692,2017-07-01,de
Liste_der_Kfz-Kennzeichen_in_Deutschland,198467,2017-07-01,de
Wikipedia,174560,2017-07-01,de
Berlin,174528,2017-07-01,de
Schweiz,165440,2017-07-01,de
Asperger-Syndrom,164540,2017-07-01,de
Vereinigte_Staaten,163482,2017-07-01,de
Hamburg,157217,2017-07-01,de
Österreich,152336,2017-07-01,de
Kanada,132591,2017-07-01,de
Frankreich,118353,2017-07-01,de
Russland,117248,2017-07-01,de
Adolf_Hitler,113260,2017-07-01,de
Italien,111581,2017-07-01,de
Zweiter_Weltkrieg,111028,2017-07-01,de
Erster_Weltkrieg,109882,2017-07-01,de
Figuren_aus_dem_Marvel-Universum,107641,2017-07-01,de
Europa,106920,2017-07-01,de
Liste_der_IPA-Zeichen,106398,2017-07-01,de
München,98521,2017-07-01,de
Verwandtschaftsbeziehung,98467,2017-07-01,de
Niederlande,98167,2017-07-01,de
Türkei,97387,2017-07-01,de
Europäische_Union,97198,2017-07-01,de
Wien,95667,2017-07-01,de
Bayern,94870,2017-07-01,de
Polen,93360,2017-07-01,de
Volksrepublik_China,86294,2017-07-01,de
Indien,83549,2017-07-01,de
Vereinigtes_Königreich,81717,2017-07-01,de
Nordrhein-Westfalen,80432,2017-07-01,de
Australien,79999,2017-07-01,de
Vagina,78860,2017-07-01,de
Periodensystem,75704,2017-07-01,de
New_York_City,75303,2017-07-01,de
Japan,69804,2017-07-01,de
Napoleon_Bonaparte,65963,2017-07-01,de
Game_of_Thrones,865934,2017-08-01,de
Deutschland,452912,2017-08-01,de
Liste_der_Kfz-Kennzeichen_in_Deutschland,213677,2017-08-01,de
Vereinigte_Staaten,190188,2017-08-01,de
Schweiz,178709,2017-08-01,de
Angela_Merkel,168958,2017-08-01,de
Berlin,161082,2017-08-01,de
Österreich,156392,2017-08-01,de
Wikipedia,154851,2017-08-01,de
Europa,138852,2017-08-01,de
Zweiter_Weltkrieg,119207,2017-08-01,de
Hamburg,118724,2017-08-01,de
Adolf_Hitler,112600,2017-08-01,de
Russland,112101,2017-08-01,de
Erster_Weltkrieg,109169,2017-08-01,de
Frankreich,108237,2017-08-01,de
Verwandtschaftsbeziehung,107045,2017-08-01,de
Figuren_aus_dem_Marvel-Universum,106606,2017-08-01,de
Kanada,105417,2017-08-01,de
Indien,105005,2017-08-01,de
Italien,104997,2017-08-01,de
Australien,104289,2017-08-01,de
Liste_der_IPA-Zeichen,103383,2017-08-01,de
Niederlande,99799,2017-08-01,de
Asperger-Syndrom,99139,2017-08-01,de
Wien,95959,2017-08-01,de
München,95280,2017-08-01,de
Bayern,91365,2017-08-01,de
Vereinigtes_Königreich,90319,2017-08-01,de
Volksrepublik_China,90202,2017-08-01,de
New_York_City,89587,2017-08-01,de
Periodensystem,82348,2017-08-01,de
Europäische_Union,81959,2017-08-01,de
Polen,81690,2017-08-01,de
Nordrhein-Westfalen,80981,2017-08-01,de
Vagina,79838,2017-08-01,de
Türkei,78664,2017-08-01,de
Japan,75600,2017-08-01,de
Napoleon_Bonaparte,74268,2017-08-01,de
Deutschland,561308,2017-09-01,de
Angela_Merkel,552296,2017-09-01,de
Game_of_Thrones,440506,2017-09-01,de
Vereinigte_Staaten,192011,2017-09-01,de
Schweiz,172633,2017-09-01,de
Berlin,169774,2017-09-01,de
Österreich,164019,2017-09-01,de
Wikipedia,152531,2017-09-01,de
Liste_der_Kfz-Kennzeichen_in_Deutschland,146878,2017-09-01,de
Adolf_Hitler,131402,2017-09-01,de
Europa,131116,2017-09-01,de
Erster_Weltkrieg,128393,2017-09-01,de
Zweiter_Weltkrieg,127349,2017-09-01,de
Australien,126442,2017-09-01,de
Russland,120342,2017-09-01,de
Hamburg,115761,2017-09-01,de
Frankreich,112128,2017-09-01,de
Asperger-Syndrom,111291,2017-09-01,de
Bayern,109234,2017-09-01,de
Italien,104872,2017-09-01,de
New_York_City,104412,2017-09-01,de
Liste_der_IPA-Zeichen,101924,2017-09-01,de
Europäische_Union,101358,2017-09-01,de
Periodensystem,101040,2017-09-01,de
München,95487,2017-09-01,de
Kanada,95396,2017-09-01,de
Wien,91648,2017-09-01,de
Verwandtschaftsbeziehung,91342,2017-09-01,de
Volksrepublik_China,90652,2017-09-01,de
Vereinigtes_Königreich,89634,2017-09-01,de
Nordrhein-Westfalen,88326,2017-09-01,de
Indien,87741,2017-09-01,de
Polen,87675,2017-09-01,de
Niederlande,84726,2017-09-01,de
Figuren_aus_dem_Marvel-Universum,83862,2017-09-01,de
Türkei,82119,2017-09-01,de
Napoleon_Bonaparte,78881,2017-09-01,de
Vagina,76686,2017-09-01,de
Japan,73963,2017-09-01,de
Deutschland,568406,2017-10-01,de
Game_of_Thrones,247551,2017-10-01,de
Österreich,226029,2017-10-01,de
Schweiz,183016,2017-10-01,de
Vereinigte_Staaten,182377,2017-10-01,de
Berlin,172284,2017-10-01,de
Europa,163241,2017-10-01,de
Wikipedia,151479,2017-10-01,de
Liste_der_Kfz-Kennzeichen_in_Deutschland,139166,2017-10-01,de
Adolf_Hitler,138766,2017-10-01,de
Angela_Merkel,138150,2017-10-01,de
Erster_Weltkrieg,136733,2017-10-01,de
Periodensystem,131524,2017-10-01,de
Russland,125363,2017-10-01,de
Zweiter_Weltkrieg,122616,2017-10-01,de
Hamburg,121580,2017-10-01,de
Bayern,119252,2017-10-01,de
Liste_der_IPA-Zeichen,115603,2017-10-01,de
Frankreich,109995,2017-10-01,de
Australien,108850,2017-10-01,de
Italien,108814,2017-10-01,de
Wien,104662,2017-10-01,de
New_York_City,103662,2017-10-01,de
München,103566,2017-10-01,de
Asperger-Syndrom,101188,2017-10-01,de
Europäische_Union,100254,2017-10-01,de
Volksrepublik_China,97545,2017-10-01,de
Vereinigtes_Königreich,96321,2017-10-01,de
Verwandtschaftsbeziehung,93964,2017-10-01,de
Kanada,93444,2017-10-01,de
Niederlande,93047,2017-10-01,de
Nordrhein-Westfalen,92775,2017-10-01,de
Napoleon_Bonaparte,86588,2017-10-01,de
Türkei,85105,2017-10-01,de
Figuren_aus_dem_Marvel-Universum,84038,2017-10-01,de
Indien,83979,2017-10-01,de
Polen,82930,2017-10-01,de
Vagina,80139,2017-10-01,de
Japan,76990,2017-10-01,de
Deutschland,569878,2017-11-01,de
Game_of_Thrones,197091,2017-11-01,de
Vereinigte_Staaten,189353,2017-11-01,de
Schweiz,183757,2017-11-01,de
Österreich,173732,2017-11-01,de
Wikipedia,170194,2017-11-01,de
Erster_Weltkrieg,169135,2017-11-01,de
Berlin,167165,2017-11-01,de
Adolf_Hitler,163563,2017-11-01,de
Zweiter_Weltkrieg,157112,2017-11-01,de
Europa,139298,2017-11-01,de
Russland,136700,2017-11-01,de
Periodensystem,132223,2017-11-01,de
Figuren_aus_dem_Marvel-Universum,125556,2017-11-01,de
Angela_Merkel,124413,2017-11-01,de
Liste_der_IPA-Zeichen,122993,2017-11-01,de
Asperger-Syndrom,119925,2017-11-01,de
Hamburg,117066,2017-11-01,de
New_York_City,116498,2017-11-01,de
Australien,114886,2017-11-01,de
Liste_der_Kfz-Kennzeichen_in_Deutschland,110118,2017-11-01,de
Europäische_Union,109043,2017-11-01,de
Frankreich,107925,2017-11-01,de
München,106401,2017-11-01,de
Volksrepublik_China,104790,2017-11-01,de
Italien,104283,2017-11-01,de
Bayern,102340,2017-11-01,de
Vereinigtes_Königreich,99374,2017-11-01,de
Indien,97939,2017-11-01,de
Kanada,97539,2017-11-01,de
Wien,94044,2017-11-01,de
Verwandtschaftsbeziehung,92962,2017-11-01,de
Napoleon_Bonaparte,89383,2017-11-01,de
Polen,87547,2017-11-01,de
Türkei,84489,2017-11-01,de
Niederlande,84166,2017-11-01,de
Nordrhein-Westfalen,84114,2017-11-01,de
Vagina,82066,2017-11-01,de
Japan,81121,2017-11-01,de
Deutschland,518790,2017-12-01,de
Game_of_Thrones,255198,2017-12-01,de
Vereinigte_Staaten,184365,2017-12-01,de
Österreich,180141,2017-12-01,de
Schweiz,164064,2017-12-01,de
Berlin,162153,2017-12-01,de
Adolf_Hitler,154065,2017-12-01,de
Wikipedia,142825,2017-12-01,de
Erster_Weltkrieg,134728,2017-12-01,de
Zweiter_Weltkrieg,133519,2017-12-01,de
Russland,133000,2017-12-01,de
Asperger-Syndrom,117174,2017-12-01,de
Angela_Merkel,111160,2017-12-01,de
Hamburg,111099,2017-12-01,de
New_York_City,110977,2017-12-01,de
Periodensystem,110376,2017-12-01,de
Verwandtschaftsbeziehung,110342,2017-12-01,de
Liste_der_IPA-Zeichen,105649,2017-12-01,de
Liste_der_Kfz-Kennzeichen_in_Deutschland,102494,2017-12-01,de
Europa,100738,2017-12-01,de
Australien,99426,2017-12-01,de
Frankreich,98818,2017-12-01,de
München,97206,2017-12-01,de
Kanada,95321,2017-12-01,de
Italien,92982,2017-12-01,de
Bayern,92895,2017-12-01,de
Figuren_aus_dem_Marvel-Universum,92573,2017-12-01,de
Europäische_Union,92340,2017-12-01,de
Napoleon_Bonaparte,91966,2017-12-01,de
Volksrepublik_China,90560,2017-12-01,de
Vereinigtes_Königreich,89127,2017-12-01,de
Wien,87725,2017-12-01,de
Indien,87436,2017-12-01,de
Polen,85628,2017-12-01,de
Vagina,82855,2017-12-01,de
Türkei,79896,2017-12-01,de
Japan,79425,2017-12-01,de
Nordrhein-Westfalen,76693,2017-12-01,de
Niederlande,74780,2017-12-01,de
Deutschland,562623,2018-01-01,de
Game_of_Thrones,334782,2018-01-01,de
Adolf_Hitler,224085,2018-01-01,de
Vereinigte_Staaten,217945,2018-01-01,de
Österreich,211313,2018-01-01,de
Schweiz,195136,2018-01-01,de
Berlin,179659,2018-01-01,de
Zweiter_Weltkrieg,178781,2018-01-01,de
Erster_Weltkrieg,166734,2018-01-01,de
Wikipedia,152156,2018-01-01,de
Russland,150074,2018-01-01,de
Europa,134666,2018-01-01,de
Australien,134000,2018-01-01,de
Angela_Merkel,132823,2018-01-01,de
Periodensystem,132011,2018-01-01,de
Liste_der_IPA-Zeichen,129281,2018-01-01,de
Frankreich,125654,2018-01-01,de
Asperger-Syndrom,119203,2018-01-01,de
New_York_City,115376,2018-01-01,de
Europäische_Union,115287,2018-01-01,de
Italien,115094,2018-01-01,de
Indien,111493,2018-01-01,de
Hamburg,111136,2018-01-01,de
Bayern,109537,2018-01-01,de
Volksrepublik_China,109131,2018-01-01,de
Kanada,106431,2018-01-01,de
Liste_der_Kfz-Kennzeichen_in_Deutschland,106399,2018-01-01,de
Wien,104029,2018-01-01,de
Verwandtschaftsbeziehung,102599,2018-01-01,de
Vereinigtes_Königreich,100930,2018-01-01,de
München,98438,2018-01-01,de
Japan,97365,2018-01-01,de
Figuren_aus_dem_Marvel-Universum,97314,2018-01-01,de
Türkei,96842,2018-01-01,de
Polen,94728,2018-01-01,de
Nordrhein-Westfalen,93759,2018-01-01,de
Vagina,92976,2018-01-01,de
Napoleon_Bonaparte,91766,2018-01-01,de
Niederlande,86727,2018-01-01,de
Deutschland,501166,2018-02-01,de
Game_of_Thrones,266016,2018-02-01,de
Österreich,193088,2018-02-01,de
Angela_Merkel,185952,2018-02-01,de
Vereinigte_Staaten,181723,2018-02-01,de
Figuren_aus_dem_Marvel-Universum,174976,2018-02-01,de
Schweiz,167781,2018-02-01,de
Adolf_Hitler,157152,2018-02-01,de
Berlin,157062,2018-02-01,de
Periodensystem,155813,2018-02-01,de
Wikipedia,136080,2018-02-01,de
Russland,133882,2018-02-01,de
Zweiter_Weltkrieg,133209,2018-02-01,de
Asperger-Syndrom,123034,2018-02-01,de
Bayern,122787,2018-02-01,de
Erster_Weltkrieg,121398,2018-02-01,de
Europa,116624,2018-02-01,de
Australien,111794,2018-02-01,de
Kanada,108694,2018-02-01,de
Liste_der_IPA-Zeichen,107301,2018-02-01,de
Liste_der_Kfz-Kennzeichen_in_Deutschland,105848,2018-02-01,de
Frankreich,104526,2018-02-01,de
Hamburg,103032,2018-02-01,de
Italien,99896,2018-02-01,de
Volksrepublik_China,98263,2018-02-01,de
Europäische_Union,95249,2018-02-01,de
Indien,92742,2018-02-01,de
New_York_City,88913,2018-02-01,de
München,88371,2018-02-01,de
Vereinigtes_Königreich,88042,2018-02-01,de
Japan,86818,2018-02-01,de
Türkei,85656,2018-02-01,de
Wien,84502,2018-02-01,de
Verwandtschaftsbeziehung,82604,2018-02-01,de
Niederlande,81873,2018-02-01,de
Polen,81772,2018-02-01,de
Nordrhein-Westfalen,80004,2018-02-01,de
Vagina,79353,2018-02-01,de
Napoleon_Bonaparte,75094,2018-02-01,de
Deutschland,501978,2018-03-01,de
Angela_Merkel,231415,2018-03-01,de
Adolf_Hitler,199567,2018-03-01,de
Russland,195338,2018-03-01,de
Österreich,194296,2018-03-01,de
Vereinigte_Staaten,191452,2018-03-01,de
Game_of_Thrones,187891,2018-03-01,de
Berlin,182457,2018-03-01,de
Schweiz,181810,2018-03-01,de
Figuren_aus_dem_Marvel-Universum,165188,2018-03-01,de
Wikipedia,148154,2018-03-01,de
Zweiter_Weltkrieg,148062,2018-03-01,de
Erster_Weltkrieg,137901,2018-03-01,de
Hamburg,134944,2018-03-01,de
Liste_der_Kfz-Kennzeichen_in_Deutschland,130224,2018-03-01,de
Asperger-Syndrom,127416,2018-03-01,de
Europa,126992,2018-03-01,de
Italien,125460,2018-03-01,de
Bayern,121189,2018-03-01,de
Periodensystem,120554,2018-03-01,de
Volksrepublik_China,118684,2018-03-01,de
Frankreich,116727,2018-03-01,de
Liste_der_IPA-Zeichen,115825,2018-03-01,de
Europäische_Union,111800,2018-03-01,de
Australien,107377,2018-03-01,de
München,102794,2018-03-01,de
Wien,101548,2018-03-01,de
Indien,100201,2018-03-01,de
New_York_City,99948,2018-03-01,de
Kanada,94744,2018-03-01,de
Vereinigtes_Königreich,94225,2018-03-01,de
Verwandtschaftsbeziehung,93647,2018-03-01,de
Türkei,92110,2018-03-01,de
Niederlande,88525,2018-03-01,de
Nordrhein-Westfalen,88068,2018-03-01,de
Polen,85439,2018-03-01,de
Japan,84883,2018-03-01,de
Napoleon_Bonaparte,84234,2018-03-01,de
Vagina,84145,2018-03-01,de
Deutschland,447331,2018-04-01,de
Adolf_Hitler,320305,2018-04-01,de
Asperger-Syndrom,285228,2018-04-01,de
Berlin,183765,2018-04-01,de
Figuren_aus_dem_Marvel-Universum,176426,2018-04-01,de
Vereinigte_Staaten,169327,2018-04-01,de
Österreich,167684,2018-04-01,de
Schweiz,155574,2018-04-01,de
Game_of_Thrones,136638,2018-04-01,de
Liste_der_Kfz-Kennzeichen_in_Deutschland,136438,2018-04-01,de
Russland,136211,2018-04-01,de
Zweiter_Weltkrieg,128489,2018-04-01,de
Erster_Weltkrieg,120858,2018-04-01,de
Hamburg,116361,2018-04-01,de
Wikipedia,110082,2018-04-01,de
Frankreich,109948,2018-04-01,de
Periodensystem,109744,2018-04-01,de
Liste_der_IPA-Zeichen,108571,2018-04-01,de
Angela_Merkel,104611,2018-04-01,de
Europäische_Union,103993,2018-04-01,de
Napoleon_Bonaparte,102184,2018-04-01,de
München,102138,2018-04-01,de
Italien,101942,2018-04-01,de
Europa,101347,2018-04-01,de
Volksrepublik_China,98875,2018-04-01,de
Nordrhein-Westfalen,98361,2018-04-01,de
Australien,97552,2018-04-01,de
Wien,96331,2018-04-01,de
Verwandtschaftsbeziehung,95414,2018-04-01,de
Bayern,95359,2018-04-01,de
Kanada,92625,2018-04-01,de
Indien,92554,2018-04-01,de
New_York_City,91684,2018-04-01,de
Türkei,91041,2018-04-01,de
Vereinigtes_Königreich,87974,2018-04-01,de
Niederlande,87900,2018-04-01,de
Japan,79086,2018-04-01,de
Vagina,76420,2018-04-01,de
Polen,76076,2018-04-01,de
Deutschland,468294,2018-05-01,de
Berlin,284634,2018-05-01,de
Figuren_aus_dem_Marvel-Universum,245216,2018-05-01,de
Hamburg,208685,2018-05-01,de
Österreich,173976,2018-05-01,de
Schweiz,171682,2018-05-01,de
Vereinigte_Staaten,171603,2018-05-01,de
Liste_der_Kfz-Kennzeichen_in_Deutschland,159204,2018-05-01,de
Adolf_Hitler,145029,2018-05-01,de
Europa,142691,2018-05-01,de
Zweiter_Weltkrieg,141259,2018-05-01,de
Russland,141127,2018-05-01,de
Game_of_Thrones,138531,2018-05-01,de
Italien,136275,2018-05-01,de
Erster_Weltkrieg,124299,2018-05-01,de
München,123581,2018-05-01,de
Frankreich,120407,2018-05-01,de
Europäische_Union,114540,2018-05-01,de
Periodensystem,114484,2018-05-01,de
Liste_der_IPA-Zeichen,111372,2018-05-01,de
Asperger-Syndrom,109919,2018-05-01,de
Wikipedia,106093,2018-05-01,de
Vereinigtes_Königreich,104779,2018-05-01,de
Wien,102832,2018-05-01,de
Australien,102397,2018-05-01,de
Bayern,99701,2018-05-01,de
Verwandtschaftsbeziehung,99079,2018-05-01,de
Niederlande,98297,2018-05-01,de
Volksrepublik_China,97459,2018-05-01,de
Angela_Merkel,95474,2018-05-01,de
New_York_City,95302,2018-05-01,de
Kanada,91896,2018-05-01,de
Türkei,91114,2018-05-01,de
Nordrhein-Westfalen,90162,2018-05-01,de
Indien,89366,2018-05-01,de
Napoleon_Bonaparte,89107,2018-05-01,de
Polen,80478,2018-05-01,de
Japan,79150,2018-05-01,de
Vagina,78068,2018-05-01,de
Deutschland,557100,2018-06-01,de
Berlin,362146,2018-06-01,de
Hamburg,277547,2018-06-01,de
Russland,263643,2018-06-01,de
Schweiz,211017,2018-06-01,de
Österreich,191176,2018-06-01,de
Vereinigte_Staaten,176373,2018-06-01,de
Liste_der_Kfz-Kennzeichen_in_Deutschland,161717,2018-06-01,de
Angela_Merkel,155744,2018-06-01,de
Adolf_Hitler,144950,2018-06-01,de
Game_of_Thrones,141358,2018-06-01,de
Europa,137124,2018-06-01,de
Frankreich,136779,2018-06-01,de
Italien,134005,2018-06-01,de
Türkei,121645,2018-06-01,de
Figuren_aus_dem_Marvel-Universum,121360,2018-06-01,de
Zweiter_Weltkrieg,120162,2018-06-01,de
Liste_der_IPA-Zeichen,119191,2018-06-01,de
Kanada,115951,2018-06-01,de
Europäische_Union,114582,2018-06-01,de
Erster_Weltkrieg,112015,2018-06-01,de
Australien,106224,2018-06-01,de
Bayern,103934,2018-06-01,de
Periodensystem,103092,2018-06-01,de
Volksrepublik_China,102504,2018-06-01,de
Niederlande,101180,2018-06-01,de
Polen,100002,2018-06-01,de
München,97751,2018-06-01,de
Japan,97014,2018-06-01,de
Asperger-Syndrom,95476,2018-06-01,de
Wikipedia,93652,2018-06-01,de
Vereinigtes_Königreich,93582,2018-06-01,de
Verwandtschaftsbeziehung,90389,2018-06-01,de
Wien,86148,2018-06-01,de
New_York_City,85879,2018-06-01,de
Indien,84010,2018-06-01,de
Nordrhein-Westfalen,80321,2018-06-01,de
Napoleon_Bonaparte,77720,2018-06-01,de
Vagina,75132,2018-06-01,de
Deutschland,487573,2018-07-01,de
Berlin,363448,2018-07-01,de
Hamburg,254312,2018-07-01,de
Russland,213604,2018-07-01,de
Liste_der_Kfz-Kennzeichen_in_Deutschland,187373,2018-07-01,de
Schweiz,185403,2018-07-01,de
Frankreich,181046,2018-07-01,de
Österreich,177364,2018-07-01,de
Vereinigte_Staaten,164143,2018-07-01,de
Game_of_Thrones,148294,2018-07-01,de
Angela_Merkel,145175,2018-07-01,de
Europa,144249,2018-07-01,de
Niederlande,118823,2018-07-01,de
Liste_der_IPA-Zeichen,116858,2018-07-01,de
Figuren_aus_dem_Marvel-Universum,115628,2018-07-01,de
Italien,109529,2018-07-01,de
Adolf_Hitler,108609,2018-07-01,de
Vereinigtes_Königreich,106414,2018-07-01,de
Bayern,104905,2018-07-01,de
Verwandtschaftsbeziehung,103860,2018-07-01,de
Asperger-Syndrom,101621,2018-07-01,de
Türkei,97471,2018-07-01,de
Japan,96812,2018-07-01,de
Zweiter_Weltkrieg,95201,2018-07-01,de
Europäische_Union,94350,2018-07-01,de
Volksrepublik_China,93940,2018-07-01,de
Wikipedia,93155,2018-07-01,de
Erster_Weltkrieg,92513,2018-07-01,de
Kanada,92079,2018-07-01,de
München,91001,2018-07-01,de
Periodensystem,84738,2018-07-01,de
Polen,82765,2018-07-01,de
Wien,82507,2018-07-01,de
Nordrhein-Westfalen,82079,2018-07-01,de
Australien,80401,2018-07-01,de
Vagina,78667,2018-07-01,de
New_York_City,74430,2018-07-01,de
Indien,74249,2018-07-01,de
Napoleon_Bonaparte,67420,2018-07-01,de
Deutschland,471617,2018-08-01,de
Berlin,365201,2018-08-01,de
Liste_der_Kfz-Kennzeichen_in_Deutschland,217773,2018-08-01,de
Vereinigte_Staaten,177121,2018-08-01,de
Schweiz,173830,2018-08-01,de
Österreich,163420,2018-08-01,de
Game_of_Thrones,157738,2018-08-01,de
Figuren_aus_dem_Marvel-Universum,154859,2018-08-01,de
Europa,133670,2018-08-01,de
Adolf_Hitler,122244,2018-08-01,de
Asperger-Syndrom,121970,2018-08-01,de
Russland,115008,2018-08-01,de
Hamburg,114730,2018-08-01,de
Frankreich,110744,2018-08-01,de
Australien,110529,2018-08-01,de
Erster_Weltkrieg,109344,2018-08-01,de
Italien,108774,2018-08-01,de
Niederlande,106793,2018-08-01,de
Verwandtschaftsbeziehung,106492,2018-08-01,de
Zweiter_Weltkrieg,106349,2018-08-01,de
Liste_der_IPA-Zeichen,105728,2018-08-01,de
Angela_Merkel,105397,2018-08-01,de
Wikipedia,101135,2018-08-01,de
Bayern,96685,2018-08-01,de
Kanada,96442,2018-08-01,de
Türkei,95984,2018-08-01,de
Volksrepublik_China,92625,2018-08-01,de
München,91157,2018-08-01,de
Wien,90539,2018-08-01,de
New_York_City,89529,2018-08-01,de
Periodensystem,87473,2018-08-01,de
Europäische_Union,86379,2018-08-01,de
Nordrhein-Westfalen,84024,2018-08-01,de
Vereinigtes_Königreich,83950,2018-08-01,de
Indien,80898,2018-08-01,de
Polen,77696,2018-08-01,de
Vagina,77395,2018-08-01,de
Japan,74648,2018-08-01,de
Napoleon_Bonaparte,73160,2018-08-01,de
Deutschland,459106,2018-09-01,de
Berlin,201985,2018-09-01,de
Asperger-Syndrom,199978,2018-09-01,de
Liste_der_Kfz-Kennzeichen_in_Deutschland,196010,2018-09-01,de
Figuren_aus_dem_Marvel-Universum,192015,2018-09-01,de
Vereinigte_Staaten,163602,2018-09-01,de
Österreich,160800,2018-09-01,de
Game_of_Thrones,158949,2018-09-01,de
Schweiz,158510,2018-09-01,de
Angela_Merkel,149057,2018-09-01,de
Adolf_Hitler,135908,2018-09-01,de
Erster_Weltkrieg,133508,2018-09-01,de
Zweiter_Weltkrieg,119378,2018-09-01,de
Australien,114868,2018-09-01,de
Europa,113776,2018-09-01,de
Periodensystem,113397,2018-09-01,de
New_York_City,111368,2018-09-01,de
Hamburg,108778,2018-09-01,de
Russland,108327,2018-09-01,de
Bayern,104995,2018-09-01,de
Frankreich,104468,2018-09-01,de
Liste_der_IPA-Zeichen,103630,2018-09-01,de
Wikipedia,99807,2018-09-01,de
Italien,98356,2018-09-01,de
Europäische_Union,93267,2018-09-01,de
Verwandtschaftsbeziehung,93017,2018-09-01,de
München,92682,2018-09-01,de
Kanada,91719,2018-09-01,de
Niederlande,90477,2018-09-01,de
Wien,88411,2018-09-01,de
Nordrhein-Westfalen,86609,2018-09-01,de
Volksrepublik_China,84778,2018-09-01,de
Türkei,83663,2018-09-01,de
Vereinigtes_Königreich,82859,2018-09-01,de
Napoleon_Bonaparte,82648,2018-09-01,de
Japan,79448,2018-09-01,de
Indien,78290,2018-09-01,de
Polen,76584,2018-09-01,de
Vagina,73187,2018-09-01,de
Deutschland,472966,2018-10-01,de
Angela_Merkel,299468,2018-10-01,de
Berlin,190669,2018-10-01,de
Liste_der_Kfz-Kennzeichen_in_Deutschland,175683,2018-10-01,de
Österreich,172234,2018-10-01,de
Erster_Weltkrieg,166537,2018-10-01,de
Vereinigte_Staaten,165731,2018-10-01,de
Game_of_Thrones,165407,2018-10-01,de
Schweiz,162065,2018-10-01,de
Europa,161875,2018-10-01,de
Adolf_Hitler,161141,2018-10-01,de
Bayern,154939,2018-10-01,de
Figuren_aus_dem_Marvel-Universum,154727,2018-10-01,de
Periodensystem,127829,2018-10-01,de
Zweiter_Weltkrieg,126295,2018-10-01,de
Hamburg,123615,2018-10-01,de
Liste_der_IPA-Zeichen,120303,2018-10-01,de
Wien,120061,2018-10-01,de
Asperger-Syndrom,119913,2018-10-01,de
Russland,113601,2018-10-01,de
Wikipedia,113338,2018-10-01,de
Italien,107190,2018-10-01,de
Nordrhein-Westfalen,105490,2018-10-01,de
München,102740,2018-10-01,de
Verwandtschaftsbeziehung,102728,2018-10-01,de
New_York_City,102337,2018-10-01,de
Frankreich,101941,2018-10-01,de
Europäische_Union,98872,2018-10-01,de
Niederlande,96253,2018-10-01,de
Kanada,95475,2018-10-01,de
Australien,95372,2018-10-01,de
Vereinigtes_Königreich,90759,2018-10-01,de
Volksrepublik_China,88957,2018-10-01,de
Türkei,85335,2018-10-01,de
Napoleon_Bonaparte,83819,2018-10-01,de
Indien,82641,2018-10-01,de
Vagina,78088,2018-10-01,de
Polen,77715,2018-10-01,de
Japan,70212,2018-10-01,de
Deutschland,473567,2018-11-01,de
Erster_Weltkrieg,382414,2018-11-01,de
Angela_Merkel,209868,2018-11-01,de
Vereinigte_Staaten,195941,2018-11-01,de
Schweiz,179519,2018-11-01,de
Adolf_Hitler,176547,2018-11-01,de
Game_of_Thrones,176081,2018-11-01,de
Zweiter_Weltkrieg,171160,2018-11-01,de
Österreich,170503,2018-11-01,de
Berlin,168792,2018-11-01,de
Periodensystem,141739,2018-11-01,de
Wikipedia,138824,2018-11-01,de
Russland,136743,2018-11-01,de
Europa,127845,2018-11-01,de
Liste_der_Kfz-Kennzeichen_in_Deutschland,126050,2018-11-01,de
Liste_der_IPA-Zeichen,124221,2018-11-01,de
Europäische_Union,116230,2018-11-01,de
Hamburg,115430,2018-11-01,de
Frankreich,112111,2018-11-01,de
Bayern,108959,2018-11-01,de
Asperger-Syndrom,107906,2018-11-01,de
Vereinigtes_Königreich,106551,2018-11-01,de
Indien,104195,2018-11-01,de
New_York_City,102923,2018-11-01,de
Australien,101319,2018-11-01,de
Verwandtschaftsbeziehung,100989,2018-11-01,de
Italien,100104,2018-11-01,de
Volksrepublik_China,97328,2018-11-01,de
Figuren_aus_dem_Marvel-Universum,95280,2018-11-01,de
München,94687,2018-11-01,de
Kanada,93456,2018-11-01,de
Polen,91804,2018-11-01,de
Wien,90810,2018-11-01,de
Napoleon_Bonaparte,89885,2018-11-01,de
Nordrhein-Westfalen,88696,2018-11-01,de
Niederlande,86027,2018-11-01,de
Türkei,83001,2018-11-01,de
Vagina,79351,2018-11-01,de
Japan,72908,2018-11-01,de
Deutschland,436055,2018-12-01,de
Angela_Merkel,210628,2018-12-01,de
Game_of_Thrones,197008,2018-12-01,de
Vereinigte_Staaten,173985,2018-12-01,de
Schweiz,157838,2018-12-01,de
Berlin,151982,2018-12-01,de
Österreich,150878,2018-12-01,de
Adolf_Hitler,150777,2018-12-01,de
Russland,134986,2018-12-01,de
Wikipedia,128562,2018-12-01,de
Verwandtschaftsbeziehung,128125,2018-12-01,de
Asperger-Syndrom,125624,2018-12-01,de
Zweiter_Weltkrieg,125404,2018-12-01,de
Liste_der_Kfz-Kennzeichen_in_Deutschland,124902,2018-12-01,de
Periodensystem,123277,2018-12-01,de
Erster_Weltkrieg,120701,2018-12-01,de
Liste_der_IPA-Zeichen,120494,2018-12-01,de
Frankreich,118239,2018-12-01,de
Hamburg,110699,2018-12-01,de
Figuren_aus_dem_Marvel-Universum,107642,2018-12-01,de
Volksrepublik_China,106505,2018-12-01,de
Indien,104549,2018-12-01,de
Napoleon_Bonaparte,101716,2018-12-01,de
Australien,99562,2018-12-01,de
Vereinigtes_Königreich,97530,2018-12-01,de
Europa,94898,2018-12-01,de
New_York_City,94827,2018-12-01,de
Europäische_Union,92052,2018-12-01,de
Kanada,91660,2018-12-01,de
München,87677,2018-12-01,de
Wien,85743,2018-12-01,de
Bayern,84013,2018-12-01,de
Italien,84001,2018-12-01,de
Vagina,81496,2018-12-01,de
Japan,81134,2018-12-01,de
Türkei,80990,2018-12-01,de
Nordrhein-Westfalen,78888,2018-12-01,de
Polen,76854,2018-12-01,de
Niederlande,76018,2018-12-01,de
Deutschland,527598,2019-01-01,de
Game_of_Thrones,244013,2019-01-01,de
Adolf_Hitler,212202,2019-01-01,de
Vereinigte_Staaten,201359,2019-01-01,de
Österreich,200698,2019-01-01,de
Schweiz,184241,2019-01-01,de
Berlin,172174,2019-01-01,de
Zweiter_Weltkrieg,154627,2019-01-01,de
Figuren_aus_dem_Marvel-Universum,154141,2019-01-01,de
Asperger-Syndrom,153503,2019-01-01,de
Russland,147938,2019-01-01,de
Wikipedia,144534,2019-01-01,de
Liste_der_IPA-Zeichen,144108,2019-01-01,de
Hamburg,142119,2019-01-01,de
Erster_Weltkrieg,140761,2019-01-01,de
Europa,139367,2019-01-01,de
Vereinigtes_Königreich,139074,2019-01-01,de
Periodensystem,137478,2019-01-01,de
Liste_der_Kfz-Kennzeichen_in_Deutschland,132189,2019-01-01,de
Frankreich,131525,2019-01-01,de
Europäische_Union,131111,2019-01-01,de
Volksrepublik_China,129549,2019-01-01,de
Australien,122927,2019-01-01,de
Indien,121478,2019-01-01,de
Japan,114081,2019-01-01,de
Verwandtschaftsbeziehung,107320,2019-01-01,de
New_York_City,106912,2019-01-01,de
Italien,104319,2019-01-01,de
Angela_Merkel,103925,2019-01-01,de
München,102960,2019-01-01,de
Bayern,102401,2019-01-01,de
Kanada,101803,2019-01-01,de
Wien,95562,2019-01-01,de
Napoleon_Bonaparte,94963,2019-01-01,de
Vagina,94149,2019-01-01,de
Türkei,90287,2019-01-01,de
Polen,89167,2019-01-01,de
Nordrhein-Westfalen,87376,2019-01-01,de
Niederlande,83690,2019-01-01,de
Deutschland,420398,2019-02-01,de
Adolf_Hitler,198259,2019-02-01,de
Game_of_Thrones,193236,2019-02-01,de
Asperger-Syndrom,171595,2019-02-01,de
Vereinigte_Staaten,171065,2019-02-01,de
Österreich,153256,2019-02-01,de
Schweiz,151284,2019-02-01,de
Berlin,150790,2019-02-01,de
Zweiter_Weltkrieg,124753,2019-02-01,de
Wikipedia,122496,2019-02-01,de
Russland,122477,2019-02-01,de
Europa,121960,2019-02-01,de
Figuren_aus_dem_Marvel-Universum,121848,2019-02-01,de
Liste_der_IPA-Zeichen,117638,2019-02-01,de
Erster_Weltkrieg,114210,2019-02-01,de
Periodensystem,112693,2019-02-01,de
Europäische_Union,107034,2019-02-01,de
Frankreich,106135,2019-02-01,de
Liste_der_Kfz-Kennzeichen_in_Deutschland,105381,2019-02-01,de
Indien,104718,2019-02-01,de
Volksrepublik_China,102864,2019-02-01,de
Hamburg,101533,2019-02-01,de
Angela_Merkel,95519,2019-02-01,de
Vereinigtes_Königreich,94903,2019-02-01,de
Bayern,91080,2019-02-01,de
Australien,87311,2019-02-01,de
Italien,87151,2019-02-01,de
Verwandtschaftsbeziehung,85966,2019-02-01,de
New_York_City,85074,2019-02-01,de
Kanada,84661,2019-02-01,de
München,81705,2019-02-01,de
Napoleon_Bonaparte,80067,2019-02-01,de
Japan,79441,2019-02-01,de
Vagina,77333,2019-02-01,de
Nordrhein-Westfalen,76123,2019-02-01,de
Wien,74768,2019-02-01,de
Türkei,74396,2019-02-01,de
Niederlande,70597,2019-02-01,de
Polen,67991,2019-02-01,de
Deutschland,499668,2019-03-01,de
Asperger-Syndrom,424364,2019-03-01,de
Game_of_Thrones,269476,2019-03-01,de
Figuren_aus_dem_Marvel-Universum,223469,2019-03-01,de
Adolf_Hitler,177672,2019-03-01,de
Vereinigte_Staaten,176765,2019-03-01,de
Berlin,170341,2019-03-01,de
Schweiz,168756,2019-03-01,de
Österreich,163359,2019-03-01,de
Wikipedia,149973,2019-03-01,de
Europa,143865,2019-03-01,de
Vereinigtes_Königreich,139334,2019-03-01,de
Europäische_Union,137750,2019-03-01,de
Zweiter_Weltkrieg,130395,2019-03-01,de
Erster_Weltkrieg,129706,2019-03-01,de
Liste_der_IPA-Zeichen,127490,2019-03-01,de
Russland,124463,2019-03-01,de
Periodensystem,121893,2019-03-01,de
Liste_der_Kfz-Kennzeichen_in_Deutschland,120517,2019-03-01,de
Frankreich,110255,2019-03-01,de
Australien,108899,2019-03-01,de
Hamburg,107762,2019-03-01,de
Volksrepublik_China,105930,2019-03-01,de
Indien,105791,2019-03-01,de
Angela_Merkel,101333,2019-03-01,de
Italien,99591,2019-03-01,de
Verwandtschaftsbeziehung,97870,2019-03-01,de
Niederlande,97740,2019-03-01,de
Napoleon_Bonaparte,94892,2019-03-01,de
Kanada,93449,2019-03-01,de
New_York_City,91844,2019-03-01,de
Türkei,91225,2019-03-01,de
München,90427,2019-03-01,de
Bayern,88004,2019-03-01,de
Wien,87833,2019-03-01,de
Nordrhein-Westfalen,81211,2019-03-01,de
Vagina,81074,2019-03-01,de
Japan,80695,2019-03-01,de
Polen,78249,2019-03-01,de
Game_of_Thrones,843201,2019-04-01,de
Deutschland,456424,2019-04-01,de
Asperger-Syndrom,317607,2019-04-01,de
Adolf_Hitler,253015,2019-04-01,de
Figuren_aus_dem_Marvel-Universum,186131,2019-04-01,de
Schweiz,155061,2019-04-01,de
Berlin,154921,2019-04-01,de
Vereinigte_Staaten,154122,2019-04-01,de
Angela_Merkel,148853,2019-04-01,de
Österreich,143945,2019-04-01,de
Liste_der_IPA-Zeichen,119388,2019-04-01,de
Liste_der_Kfz-Kennzeichen_in_Deutschland,118733,2019-04-01,de
Europäische_Union,116012,2019-04-01,de
Russland,110889,2019-04-01,de
Zweiter_Weltkrieg,110522,2019-04-01,de
Frankreich,107480,2019-04-01,de
Verwandtschaftsbeziehung,106637,2019-04-01,de
Erster_Weltkrieg,103839,2019-04-01,de
Wikipedia,102717,2019-04-01,de
Volksrepublik_China,102562,2019-04-01,de
Europa,101959,2019-04-01,de
Hamburg,101767,2019-04-01,de
Vereinigtes_Königreich,100479,2019-04-01,de
Indien,99274,2019-04-01,de
Italien,94478,2019-04-01,de
Periodensystem,93000,2019-04-01,de
Niederlande,91939,2019-04-01,de
Japan,88504,2019-04-01,de
Napoleon_Bonaparte,86229,2019-04-01,de
München,85716,2019-04-01,de
Wien,85325,2019-04-01,de
Bayern,83616,2019-04-01,de
Türkei,83406,2019-04-01,de
Australien,83067,2019-04-01,de
New_York_City,77469,2019-04-01,de
Polen,76348,2019-04-01,de
Nordrhein-Westfalen,76226,2019-04-01,de
Kanada,75865,2019-04-01,de
Vagina,72960,2019-04-01,de
Game_of_Thrones,783864,2019-05-01,de
Deutschland,467633,2019-05-01,de
Österreich,228708,2019-05-01,de
Europäische_Union,220828,2019-05-01,de
Figuren_aus_dem_Marvel-Universum,206024,2019-05-01,de
Berlin,189054,2019-05-01,de
Vereinigte_Staaten,175660,2019-05-01,de
Schweiz,169417,2019-05-01,de
Europa,166759,2019-05-01,de
Adolf_Hitler,163709,2019-05-01,de
Asperger-Syndrom,155092,2019-05-01,de
Angela_Merkel,138947,2019-05-01,de
Zweiter_Weltkrieg,132937,2019-05-01,de
Liste_der_IPA-Zeichen,127143,2019-05-01,de
Erster_Weltkrieg,126544,2019-05-01,de
Russland,122416,2019-05-01,de
Wikipedia,116627,2019-05-01,de
Frankreich,116036,2019-05-01,de
Italien,112487,2019-05-01,de
Periodensystem,109949,2019-05-01,de
Hamburg,107410,2019-05-01,de
Volksrepublik_China,106809,2019-05-01,de
Liste_der_Kfz-Kennzeichen_in_Deutschland,105627,2019-05-01,de
Verwandtschaftsbeziehung,104794,2019-05-01,de
Niederlande,101200,2019-05-01,de
Vereinigtes_Königreich,96684,2019-05-01,de
Indien,95363,2019-05-01,de
Australien,94257,2019-05-01,de
Napoleon_Bonaparte,94233,2019-05-01,de
Wien,92245,2019-05-01,de
München,91298,2019-05-01,de
Türkei,86137,2019-05-01,de
Japan,85911,2019-05-01,de
Polen,85282,2019-05-01,de
New_York_City,85210,2019-05-01,de
Bayern,84435,2019-05-01,de
Kanada,82056,2019-05-01,de
Nordrhein-Westfalen,79668,2019-05-01,de
Vagina,77892,2019-05-01,de
Deutschland,419321,2019-06-01,de
Angela_Merkel,203708,2019-06-01,de
Game_of_Thrones,175149,2019-06-01,de
Berlin,154134,2019-06-01,de
Vereinigte_Staaten,153837,2019-06-01,de
Österreich,152229,2019-06-01,de
Schweiz,150087,2019-06-01,de
Asperger-Syndrom,144509,2019-06-01,de
Adolf_Hitler,124833,2019-06-01,de
Liste_der_Kfz-Kennzeichen_in_Deutschland,124277,2019-06-01,de
Zweiter_Weltkrieg,119774,2019-06-01,de
Erster_Weltkrieg,114687,2019-06-01,de
Liste_der_IPA-Zeichen,113161,2019-06-01,de
Europa,107949,2019-06-01,de
Russland,105895,2019-06-01,de
Frankreich,104629,2019-06-01,de
Italien,103011,2019-06-01,de
Wikipedia,102722,2019-06-01,de
Verwandtschaftsbeziehung,100072,2019-06-01,de
Figuren_aus_dem_Marvel-Universum,99856,2019-06-01,de
Volksrepublik_China,98221,2019-06-01,de
Hamburg,96049,2019-06-01,de
Europäische_Union,96010,2019-06-01,de
Niederlande,93376,2019-06-01,de
Periodensystem,88277,2019-06-01,de
München,86534,2019-06-01,de
Türkei,86014,2019-06-01,de
Kanada,81124,2019-06-01,de
Nordrhein-Westfalen,80545,2019-06-01,de
Australien,79863,2019-06-01,de
Napoleon_Bonaparte,79073,2019-06-01,de
Wien,79024,2019-06-01,de
Indien,78972,2019-06-01,de
Bayern,77244,2019-06-01,de
Vereinigtes_Königreich,76797,2019-06-01,de
Vagina,74424,2019-06-01,de
New_York_City,73035,2019-06-01,de
Polen,69260,2019-06-01,de
Japan,67724,2019-06-01,de
Deutschland,442528,2019-07-01,de
Angela_Merkel,252029,2019-07-01,de
Vereinigte_Staaten,159604,2019-07-01,de
Schweiz,158289,2019-07-01,de
Berlin,149330,2019-07-01,de
Asperger-Syndrom,143689,2019-07-01,de
Österreich,142869,2019-07-01,de
Liste_der_Kfz-Kennzeichen_in_Deutschland,142273,2019-07-01,de
Game_of_Thrones,131588,2019-07-01,de
Adolf_Hitler,128634,2019-07-01,de
Figuren_aus_dem_Marvel-Universum,127626,2019-07-01,de
Liste_der_IPA-Zeichen,120937,2019-07-01,de
Verwandtschaftsbeziehung,119170,2019-07-01,de
Europa,112893,2019-07-01,de
Frankreich,107433,2019-07-01,de
Europäische_Union,103881,2019-07-01,de
Russland,102821,2019-07-01,de
Italien,101075,2019-07-01,de
Zweiter_Weltkrieg,99859,2019-07-01,de
Niederlande,96514,2019-07-01,de
Hamburg,95793,2019-07-01,de
Wikipedia,95138,2019-07-01,de
Erster_Weltkrieg,95136,2019-07-01,de
Vereinigtes_Königreich,92569,2019-07-01,de
München,88314,2019-07-01,de
Kanada,82008,2019-07-01,de
Volksrepublik_China,79842,2019-07-01,de
Bayern,79621,2019-07-01,de
Nordrhein-Westfalen,78831,2019-07-01,de
Vagina,78581,2019-07-01,de
Wien,78339,2019-07-01,de
Periodensystem,77847,2019-07-01,de
Türkei,72981,2019-07-01,de
Indien,72862,2019-07-01,de
Napoleon_Bonaparte,72807,2019-07-01,de
Polen,71983,2019-07-01,de
Australien,71865,2019-07-01,de
New_York_City,69810,2019-07-01,de
Japan,67595,2019-07-01,de
Asperger-Syndrom,566413,2019-08-01,de
Deutschland,429301,2019-08-01,de
Schweiz,175924,2019-08-01,de
Vereinigte_Staaten,168448,2019-08-01,de
Österreich,149858,2019-08-01,de
Berlin,149663,2019-08-01,de
Verwandtschaftsbeziehung,133174,2019-08-01,de
Napoleon_Bonaparte,131980,2019-08-01,de
Europa,127298,2019-08-01,de
Adolf_Hitler,126316,2019-08-01,de
Liste_der_Kfz-Kennzeichen_in_Deutschland,120458,2019-08-01,de
Zweiter_Weltkrieg,117696,2019-08-01,de
Liste_der_IPA-Zeichen,117404,2019-08-01,de
Game_of_Thrones,112101,2019-08-01,de
Russland,109712,2019-08-01,de
Italien,108072,2019-08-01,de
Figuren_aus_dem_Marvel-Universum,105263,2019-08-01,de
Angela_Merkel,102365,2019-08-01,de
Erster_Weltkrieg,101369,2019-08-01,de
Frankreich,100108,2019-08-01,de
Hamburg,99393,2019-08-01,de
Volksrepublik_China,97548,2019-08-01,de
Wikipedia,96163,2019-08-01,de
München,94246,2019-08-01,de
Australien,92207,2019-08-01,de
Kanada,91962,2019-08-01,de
Periodensystem,91847,2019-08-01,de
Niederlande,91825,2019-08-01,de
Vereinigtes_Königreich,90609,2019-08-01,de
Indien,88726,2019-08-01,de
Wien,85911,2019-08-01,de
Vagina,82289,2019-08-01,de
Bayern,81349,2019-08-01,de
Polen,79953,2019-08-01,de
Nordrhein-Westfalen,79493,2019-08-01,de
New_York_City,78607,2019-08-01,de
Europäische_Union,77838,2019-08-01,de
Japan,69996,2019-08-01,de
Türkei,65624,2019-08-01,de
Asperger-Syndrom,761847,2019-09-01,de
Deutschland,411701,2019-09-01,de
Liste_der_IPA-Zeichen,179110,2019-09-01,de
Österreich,167312,2019-09-01,de
Schweiz,158029,2019-09-01,de
Vereinigte_Staaten,150968,2019-09-01,de
Berlin,150759,2019-09-01,de
Game_of_Thrones,132719,2019-09-01,de
Periodensystem,132233,2019-09-01,de
Adolf_Hitler,128785,2019-09-01,de
Zweiter_Weltkrieg,128626,2019-09-01,de
Europa,125630,2019-09-01,de
Liste_der_Kfz-Kennzeichen_in_Deutschland,120673,2019-09-01,de
Erster_Weltkrieg,115601,2019-09-01,de
Angela_Merkel,110888,2019-09-01,de
Verwandtschaftsbeziehung,108613,2019-09-01,de
Wikipedia,108399,2019-09-01,de
Russland,105500,2019-09-01,de
Vereinigtes_Königreich,103976,2019-09-01,de
Australien,102746,2019-09-01,de
Frankreich,100824,2019-09-01,de
Italien,95912,2019-09-01,de
Hamburg,94848,2019-09-01,de
Volksrepublik_China,90558,2019-09-01,de
New_York_City,90245,2019-09-01,de
Figuren_aus_dem_Marvel-Universum,89404,2019-09-01,de
Europäische_Union,88400,2019-09-01,de
Napoleon_Bonaparte,87899,2019-09-01,de
München,87087,2019-09-01,de
Wien,86168,2019-09-01,de
Kanada,83300,2019-09-01,de
Polen,81457,2019-09-01,de
Niederlande,80332,2019-09-01,de
Bayern,79923,2019-09-01,de
Nordrhein-Westfalen,75485,2019-09-01,de
Indien,75236,2019-09-01,de
Vagina,71320,2019-09-01,de
Türkei,69801,2019-09-01,de
Japan,63641,2019-09-01,de
Deutschland,445324,2019-10-01,de
Asperger-Syndrom,338939,2019-10-01,de
Game_of_Thrones,173392,2019-10-01,de
Österreich,167981,2019-10-01,de
Vereinigte_Staaten,165295,2019-10-01,de
Schweiz,164288,2019-10-01,de
Berlin,159412,2019-10-01,de
Europa,153916,2019-10-01,de
Periodensystem,150752,2019-10-01,de
Liste_der_IPA-Zeichen,131873,2019-10-01,de
Adolf_Hitler,131334,2019-10-01,de
Zweiter_Weltkrieg,117001,2019-10-01,de
Türkei,114717,2019-10-01,de
Erster_Weltkrieg,112979,2019-10-01,de
Russland,112856,2019-10-01,de
Volksrepublik_China,109661,2019-10-01,de
Verwandtschaftsbeziehung,105339,2019-10-01,de
Hamburg,105092,2019-10-01,de
Angela_Merkel,103981,2019-10-01,de
Vereinigtes_Königreich,102619,2019-10-01,de
Frankreich,102221,2019-10-01,de
München,93910,2019-10-01,de
Europäische_Union,93668,2019-10-01,de
Italien,91740,2019-10-01,de
New_York_City,91603,2019-10-01,de
Wien,90072,2019-10-01,de
Wikipedia,89959,2019-10-01,de
Japan,89572,2019-10-01,de
Bayern,88913,2019-10-01,de
Liste_der_Kfz-Kennzeichen_in_Deutschland,88377,2019-10-01,de
Kanada,88183,2019-10-01,de
Nordrhein-Westfalen,86630,2019-10-01,de
Australien,86515,2019-10-01,de
Figuren_aus_dem_Marvel-Universum,84892,2019-10-01,de
Polen,83840,2019-10-01,de
Niederlande,83821,2019-10-01,de
Napoleon_Bonaparte,82399,2019-10-01,de
Indien,79093,2019-10-01,de
Vagina,74931,2019-10-01,de
Deutschland,435061,2019-11-01,de
Periodensystem,197042,2019-11-01,de
Asperger-Syndrom,179528,2019-11-01,de
Österreich,172068,2019-11-01,de
Vereinigte_Staaten,167418,2019-11-01,de
Adolf_Hitler,162315,2019-11-01,de
Berlin,153072,2019-11-01,de
Schweiz,150182,2019-11-01,de
Erster_Weltkrieg,132256,2019-11-01,de
Zweiter_Weltkrieg,130940,2019-11-01,de
Liste_der_IPA-Zeichen,125402,2019-11-01,de
Angela_Merkel,115346,2019-11-01,de
Russland,112221,2019-11-01,de
Game_of_Thrones,105127,2019-11-01,de
Verwandtschaftsbeziehung,103193,2019-11-01,de
Europa,102113,2019-11-01,de
Wikipedia,100553,2019-11-01,de
Frankreich,97841,2019-11-01,de
Hamburg,95709,2019-11-01,de
Volksrepublik_China,95467,2019-11-01,de
Australien,93523,2019-11-01,de
New_York_City,91016,2019-11-01,de
Europäische_Union,89985,2019-11-01,de
Indien,88265,2019-11-01,de
München,88000,2019-11-01,de
Vereinigtes_Königreich,87589,2019-11-01,de
Napoleon_Bonaparte,84634,2019-11-01,de
Italien,84300,2019-11-01,de
Wien,82726,2019-11-01,de
Bayern,81549,2019-11-01,de
Nordrhein-Westfalen,80575,2019-11-01,de
Niederlande,75738,2019-11-01,de
Japan,75703,2019-11-01,de
Türkei,75089,2019-11-01,de
Vagina,74918,2019-11-01,de
Kanada,74730,2019-11-01,de
Polen,73407,2019-11-01,de
Liste_der_Kfz-Kennzeichen_in_Deutschland,72307,2019-11-01,de
Figuren_aus_dem_Marvel-Universum,70211,2019-11-01,de
Deutschland,419922,2019-12-01,de
Asperger-Syndrom,247944,2019-12-01,de
Vereinigte_Staaten,200317,2019-12-01,de
Österreich,158387,2019-12-01,de
Schweiz,149837,2019-12-01,de
Adolf_Hitler,145306,2019-12-01,de
Periodensystem,143437,2019-12-01,de
Berlin,143298,2019-12-01,de
Angela_Merkel,137754,2019-12-01,de
Verwandtschaftsbeziehung,134787,2019-12-01,de
Russland,127547,2019-12-01,de
Game_of_Thrones,125837,2019-12-01,de
Liste_der_IPA-Zeichen,123821,2019-12-01,de
Frankreich,123813,2019-12-01,de
Zweiter_Weltkrieg,122509,2019-12-01,de
Erster_Weltkrieg,115914,2019-12-01,de
Hamburg,113863,2019-12-01,de
Vereinigtes_Königreich,110740,2019-12-01,de
Australien,109234,2019-12-01,de
Volksrepublik_China,106748,2019-12-01,de
Wikipedia,105153,2019-12-01,de
Europa,97223,2019-12-01,de
Figuren_aus_dem_Marvel-Universum,93709,2019-12-01,de
Italien,92289,2019-12-01,de
Wien,91066,2019-12-01,de
Kanada,90298,2019-12-01,de
New_York_City,88108,2019-12-01,de
München,85077,2019-12-01,de
Indien,83713,2019-12-01,de
Europäische_Union,82547,2019-12-01,de
Japan,81579,2019-12-01,de
Niederlande,80750,2019-12-01,de
Polen,79791,2019-12-01,de
Vagina,77235,2019-12-01,de
Türkei,77075,2019-12-01,de
Napoleon_Bonaparte,75683,2019-12-01,de
Bayern,74515,2019-12-01,de
Nordrhein-Westfalen,71741,2019-12-01,de
Liste_der_Kfz-Kennzeichen_in_Deutschland,71612,2019-12-01,de
